,filename,filepath,size,objectType,bndbox,bndbox_img
0,<xml.etree.ElementTree.ElementTree object at 0x000001B6FF290D00>,G:\Users\Alex\Desktop\Classes\CSE 498 - Computer Vision\Project\Outdated Dataset\Dataset\BMW\10.jpg,"[483, 352, 3]",BMW,"[162, 93, 328, 274]","[[0.11372549 0.11852241 0.12433473 ... 0.10610994 0.09739146 0.09019608]
 [0.11372549 0.12023024 0.1271271  ... 0.10610994 0.09847599 0.09298845]
 [0.11372549 0.12092087 0.1282563  ... 0.10610994 0.09891457 0.09411765]
 ...
 [0.11905637 0.12394966 0.1307092  ... 0.12662663 0.12510954 0.12376576]
 [0.13220413 0.13460259 0.13474265 ... 0.11364663 0.11167447 0.11200105]
 [0.12941176 0.13181022 0.13195028 ... 0.11003151 0.10283613 0.09803922]]"
1,<xml.etree.ElementTree.ElementTree object at 0x000001B6FA9178E0>,G:\Users\Alex\Desktop\Classes\CSE 498 - Computer Vision\Project\Outdated Dataset\Dataset\BMW\12.jpg,"[509, 365, 3]",BMW,"[161, 18, 350, 353]","[[1. 1. 1. ... 1. 1. 1.]
 [1. 1. 1. ... 1. 1. 1.]
 [1. 1. 1. ... 1. 1. 1.]
 ...
 [1. 1. 1. ... 1. 1. 1.]
 [1. 1. 1. ... 1. 1. 1.]
 [1. 1. 1. ... 1. 1. 1.]]"
2,<xml.etree.ElementTree.ElementTree object at 0x000001B6FEF73310>,G:\Users\Alex\Desktop\Classes\CSE 498 - Computer Vision\Project\Outdated Dataset\Dataset\BMW\13.jpg,"[514, 397, 3]",BMW,"[159, 68, 367, 329]","[[0.08291843 0.08291843 0.08291843 ... 0.08291843 0.08291843 0.08291843]
 [0.08291843 0.08291843 0.08291843 ... 0.08291843 0.08291843 0.08291843]
 [0.08291843 0.08291843 0.08291843 ... 0.08291843 0.08291843 0.08291843]
 ...
 [0.08291843 0.08291843 0.08291843 ... 0.08291843 0.08291843 0.08291843]
 [0.08291843 0.08291843 0.08291843 ... 0.08291843 0.08291843 0.08291843]
 [0.08291843 0.08291843 0.08291843 ... 0.08291843 0.08291843 0.08291843]]"
3,<xml.etree.ElementTree.ElementTree object at 0x000001B6FEDC04C0>,G:\Users\Alex\Desktop\Classes\CSE 498 - Computer Vision\Project\Outdated Dataset\Dataset\BMW\15.jpg,"[495, 373, 3]",BMW,"[164, 92, 326, 302]","[[0.04705882 0.05164566 0.05610994 ... 0.05339636 0.04772409 0.04313725]
 [0.04705882 0.04956725 0.05255602 ... 0.05940947 0.05483193 0.0502451 ]
 [0.04705882 0.04935224 0.05116914 ... 0.06435957 0.05887605 0.05428922]
 ...
 [0.05036765 0.05266106 0.0554972  ... 0.04555322 0.0415091  0.03921569]
 [0.04669118 0.0491996  0.05207513 ... 0.04555322 0.04135646 0.03884804]
 [0.04313725 0.04772409 0.05098039 ... 0.04555322 0.03988095 0.03529412]]"
4,<xml.etree.ElementTree.ElementTree object at 0x000001B6FEF439D0>,G:\Users\Alex\Desktop\Classes\CSE 498 - Computer Vision\Project\Outdated Dataset\Dataset\BMW\17.jpg,"[486, 368, 3]",BMW,"[148, 31, 428, 316]","[[0.05769716 0.03400035 0.01714279 ... 0.06270229 0.06263137 0.06111534]
 [0.05685247 0.04551615 0.03755008 ... 0.0600149  0.05949407 0.05918157]
 [0.05925481 0.04935991 0.04031856 ... 0.0600149  0.05949407 0.05918157]
 ...
 [0.005      0.005      0.005      ... 0.         0.         0.        ]
 [0.005      0.005      0.005      ... 0.         0.         0.        ]
 [0.00670363 0.00670363 0.00670363 ... 0.         0.         0.        ]]"
5,<xml.etree.ElementTree.ElementTree object at 0x000001B6FEF431C0>,G:\Users\Alex\Desktop\Classes\CSE 498 - Computer Vision\Project\Outdated Dataset\Dataset\BMW\18.jpg,"[496, 390, 3]",BMW,"[184, 115, 323, 287]","[[0.70565922 0.64230085 0.55457692 ... 0.20419559 0.26645924 0.31038431]
 [0.76955978 0.70785632 0.62211225 ... 0.25236634 0.30483952 0.34105658]
 [0.83143732 0.77710082 0.70123335 ... 0.30624656 0.3402064  0.36238011]
 ...
 [0.80896459 0.78997926 0.76366686 ... 0.5609521  0.58934839 0.60959696]
 [0.76764807 0.74534087 0.71431809 ... 0.51483027 0.54965656 0.57464387]
 [0.72419569 0.70078734 0.66804724 ... 0.47393391 0.51146017 0.53849098]]"
6,<xml.etree.ElementTree.ElementTree object at 0x000001B6FEDE4DC0>,G:\Users\Alex\Desktop\Classes\CSE 498 - Computer Vision\Project\Outdated Dataset\Dataset\BMW\19.jpg,"[491, 385, 3]",BMW,"[125, 79, 364, 351]","[[0.06631693 0.06264421 0.05403665 ... 0.57075583 0.54733896 0.53901939]
 [0.08450889 0.05704853 0.04634175 ... 0.56728913 0.54131655 0.54409704]
 [0.07385542 0.04896015 0.04285334 ... 0.55785911 0.52990293 0.52529796]
 ...
 [0.10047172 0.09411293 0.09204932 ... 0.06501225 0.02193721 0.00262605]
 [0.08358309 0.09288869 0.10745548 ... 0.05415197 0.02148453 0.00575824]
 [0.10707624 0.12380074 0.14352772 ... 0.04923938 0.03181429 0.02550958]]"
7,<xml.etree.ElementTree.ElementTree object at 0x000001B6FEDE4580>,G:\Users\Alex\Desktop\Classes\CSE 498 - Computer Vision\Project\Outdated Dataset\Dataset\BMW\20.jpg,"[505, 354, 3]",BMW,"[77, 37, 443, 343]","[[0.26935303 0.26543178 0.2706179  ... 0.11748258 0.09490073 0.06681841]
 [0.28213322 0.27530619 0.26786852 ... 0.04754171 0.03959822 0.05466917]
 [0.28443016 0.25044672 0.23418309 ... 0.04524368 0.03617732 0.04689395]
 ...
 [0.07669333 0.07424196 0.06667804 ... 0.06242384 0.05314513 0.05955269]
 [0.07480242 0.07432879 0.07026697 ... 0.05170955 0.05305829 0.05778448]
 [0.07548496 0.07748099 0.07159712 ... 0.04099527 0.0499061  0.05563112]]"
8,<xml.etree.ElementTree.ElementTree object at 0x000001B6FEBB2E50>,G:\Users\Alex\Desktop\Classes\CSE 498 - Computer Vision\Project\Outdated Dataset\Dataset\BMW\201.jpg,"[256, 256, 3]",BMW,"[100, 80, 155, 170]","[[0.78301922 0.78301922 0.77504788 ... 0.24735563 0.23842706 0.23842706]
 [0.79228042 0.79228042 0.78440076 ... 0.24995495 0.24084303 0.24084303]
 [0.82851992 0.82851992 0.82099899 ... 0.26012621 0.25029681 0.25029681]
 ...
 [0.92719796 0.92719796 0.92463092 ... 0.31357788 0.31201339 0.31201339]
 [0.91988183 0.91988183 0.91745605 ... 0.3228523  0.32146717 0.32146717]
 [0.91801216 0.91801216 0.91562247 ... 0.32522242 0.32388314 0.32388314]]"
9,<xml.etree.ElementTree.ElementTree object at 0x000001B6FF304DF0>,G:\Users\Alex\Desktop\Classes\CSE 498 - Computer Vision\Project\Outdated Dataset\Dataset\BMW\202.jpg,"[256, 256, 3]",BMW,"[60, 75, 175, 210]","[[0.47480745 0.47480745 0.47480745 ... 0.63389359 0.62986697 0.62774863]
 [0.49223567 0.49223567 0.49223567 ... 0.63038177 0.62554175 0.62299548]
 [0.51828799 0.51826671 0.51822626 ... 0.62501185 0.61895845 0.61577384]
 ...
 [0.18061972 0.18059135 0.18053742 ... 0.16201621 0.1821223  0.19269985]
 [0.15905985 0.16032234 0.16272213 ... 0.1781126  0.19704576 0.20700625]
 [0.14480039 0.14691874 0.15094535 ... 0.18886024 0.20697999 0.21651255]]"
10,<xml.etree.ElementTree.ElementTree object at 0x000001B6FEDD8640>,G:\Users\Alex\Desktop\Classes\CSE 498 - Computer Vision\Project\Outdated Dataset\Dataset\BMW\203.jpg,"[256, 256, 3]",BMW,"[0, 0, 256, 256]","[[1. 1. 1. ... 1. 1. 1.]
 [1. 1. 1. ... 1. 1. 1.]
 [1. 1. 1. ... 1. 1. 1.]
 ...
 [1. 1. 1. ... 1. 1. 1.]
 [1. 1. 1. ... 1. 1. 1.]
 [1. 1. 1. ... 1. 1. 1.]]"
11,<xml.etree.ElementTree.ElementTree object at 0x000001B6FEF72AC0>,G:\Users\Alex\Desktop\Classes\CSE 498 - Computer Vision\Project\Outdated Dataset\Dataset\BMW\204.jpg,"[256, 256, 3]",BMW,"[20, 35, 220, 235]","[[0.24679098 0.2500823  0.26793944 ... 0.0285014  0.02948179 0.01960784]
 [0.25337361 0.25942728 0.27540368 ... 0.0276198  0.02619048 0.01631653]
 [0.25463412 0.25880704 0.26975767 ... 0.02381077 0.01981793 0.00994398]
 ...
 [0.05827557 0.06573981 0.06927122 ... 0.07753238 0.08453518 0.09111782]
 [0.04363972 0.05351367 0.05632729 ... 0.07403098 0.08093249 0.08698616]
 [0.02718314 0.03705709 0.04469014 ... 0.07073966 0.07711221 0.08040353]]"
12,<xml.etree.ElementTree.ElementTree object at 0x000001B6FEF79940>,G:\Users\Alex\Desktop\Classes\CSE 498 - Computer Vision\Project\Outdated Dataset\Dataset\BMW\206.jpg,"[256, 256, 3]",BMW,"[0, 0, 255, 205]","[[1. 1. 1. ... 1. 1. 1.]
 [1. 1. 1. ... 1. 1. 1.]
 [1. 1. 1. ... 1. 1. 1.]
 ...
 [1. 1. 1. ... 1. 1. 1.]
 [1. 1. 1. ... 1. 1. 1.]
 [1. 1. 1. ... 1. 1. 1.]]"
13,<xml.etree.ElementTree.ElementTree object at 0x000001B6FF28F520>,G:\Users\Alex\Desktop\Classes\CSE 498 - Computer Vision\Project\Outdated Dataset\Dataset\BMW\207.jpg,"[256, 256, 3]",BMW,"[0, 0, 256, 256]","[[0.99215686 0.99215686 0.99215686 ... 0.99215686 0.99215686 0.99215686]
 [0.99215686 0.99215686 0.99215686 ... 0.99215686 0.99215686 0.99215686]
 [0.99215686 0.99215686 0.99215686 ... 0.99215686 0.99215686 0.99215686]
 ...
 [0.99215686 0.99215686 0.99215686 ... 0.99215686 0.99215686 0.99215686]
 [0.99215686 0.99215686 0.99215686 ... 0.99215686 0.99215686 0.99215686]
 [0.99215686 0.99215686 0.99215686 ... 0.99215686 0.99215686 0.99215686]]"
14,<xml.etree.ElementTree.ElementTree object at 0x000001B6FEF67400>,G:\Users\Alex\Desktop\Classes\CSE 498 - Computer Vision\Project\Outdated Dataset\Dataset\BMW\208.jpg,"[256, 256, 3]",BMW,"[0, 0, 256, 256]","[[1. 1. 1. ... 1. 1. 1.]
 [1. 1. 1. ... 1. 1. 1.]
 [1. 1. 1. ... 1. 1. 1.]
 ...
 [1. 1. 1. ... 1. 1. 1.]
 [1. 1. 1. ... 1. 1. 1.]
 [1. 1. 1. ... 1. 1. 1.]]"
15,<xml.etree.ElementTree.ElementTree object at 0x000001B6FEDD56D0>,G:\Users\Alex\Desktop\Classes\CSE 498 - Computer Vision\Project\Outdated Dataset\Dataset\BMW\210.jpg,"[256, 256, 3]",BMW,"[0, 0, 255, 180]","[[1. 1. 1. ... 1. 1. 1.]
 [1. 1. 1. ... 1. 1. 1.]
 [1. 1. 1. ... 1. 1. 1.]
 ...
 [1. 1. 1. ... 1. 1. 1.]
 [1. 1. 1. ... 1. 1. 1.]
 [1. 1. 1. ... 1. 1. 1.]]"
16,<xml.etree.ElementTree.ElementTree object at 0x000001B6FEDD5700>,G:\Users\Alex\Desktop\Classes\CSE 498 - Computer Vision\Project\Outdated Dataset\Dataset\BMW\211.jpg,"[256, 256, 3]",BMW,"[0, 0, 256, 256]","[[1. 1. 1. ... 1. 1. 1.]
 [1. 1. 1. ... 1. 1. 1.]
 [1. 1. 1. ... 1. 1. 1.]
 ...
 [1. 1. 1. ... 1. 1. 1.]
 [1. 1. 1. ... 1. 1. 1.]
 [1. 1. 1. ... 1. 1. 1.]]"
17,<xml.etree.ElementTree.ElementTree object at 0x000001B6FF282820>,G:\Users\Alex\Desktop\Classes\CSE 498 - Computer Vision\Project\Outdated Dataset\Dataset\BMW\212.jpg,"[256, 256, 3]",BMW,"[0, 0, 256, 256]","[[1. 1. 1. ... 1. 1. 1.]
 [1. 1. 1. ... 1. 1. 1.]
 [1. 1. 1. ... 1. 1. 1.]
 ...
 [1. 1. 1. ... 1. 1. 1.]
 [1. 1. 1. ... 1. 1. 1.]
 [1. 1. 1. ... 1. 1. 1.]]"
18,<xml.etree.ElementTree.ElementTree object at 0x000001B6FEBA43A0>,G:\Users\Alex\Desktop\Classes\CSE 498 - Computer Vision\Project\Outdated Dataset\Dataset\BMW\214.jpg,"[256, 256, 3]",BMW,"[0, 0, 256, 256]","[[0. 0. 0. ... 0. 0. 0.]
 [0. 0. 0. ... 0. 0. 0.]
 [0. 0. 0. ... 0. 0. 0.]
 ...
 [0. 0. 0. ... 0. 0. 0.]
 [0. 0. 0. ... 0. 0. 0.]
 [0. 0. 0. ... 0. 0. 0.]]"
19,<xml.etree.ElementTree.ElementTree object at 0x000001B6FF292EE0>,G:\Users\Alex\Desktop\Classes\CSE 498 - Computer Vision\Project\Outdated Dataset\Dataset\BMW\215.jpg,"[256, 256, 3]",BMW,"[0, 0, 256, 256]","[[1. 1. 1. ... 1. 1. 1.]
 [1. 1. 1. ... 1. 1. 1.]
 [1. 1. 1. ... 1. 1. 1.]
 ...
 [1. 1. 1. ... 1. 1. 1.]
 [1. 1. 1. ... 1. 1. 1.]
 [1. 1. 1. ... 1. 1. 1.]]"
20,<xml.etree.ElementTree.ElementTree object at 0x000001B6FEBA4160>,G:\Users\Alex\Desktop\Classes\CSE 498 - Computer Vision\Project\Outdated Dataset\Dataset\BMW\216.jpg,"[256, 256, 3]",BMW,"[0, 0, 255, 185]","[[1. 1. 1. ... 1. 1. 1.]
 [1. 1. 1. ... 1. 1. 1.]
 [1. 1. 1. ... 1. 1. 1.]
 ...
 [1. 1. 1. ... 1. 1. 1.]
 [1. 1. 1. ... 1. 1. 1.]
 [1. 1. 1. ... 1. 1. 1.]]"
21,<xml.etree.ElementTree.ElementTree object at 0x000001B6FEDD7DF0>,G:\Users\Alex\Desktop\Classes\CSE 498 - Computer Vision\Project\Outdated Dataset\Dataset\BMW\218.jpg,"[256, 256, 3]",BMW,"[0, 0, 256, 256]","[[0.17713708 0.18135877 0.1859406  ... 0.51874409 0.51734353 0.51734353]
 [0.1821991  0.18303944 0.18862167 ... 0.51874409 0.51734353 0.51734353]
 [0.19116269 0.19170291 0.19508426 ... 0.51874409 0.51734353 0.51734353]
 ...
 [0.04957373 0.04957373 0.05097429 ... 0.12382179 0.13278538 0.13576657]
 [0.04957373 0.04957373 0.05097429 ... 0.10811551 0.11355769 0.11743924]
 [0.04957373 0.04957373 0.05097429 ... 0.08964812 0.09412992 0.09523036]]"
22,<xml.etree.ElementTree.ElementTree object at 0x000001B6FEDD7F10>,G:\Users\Alex\Desktop\Classes\CSE 498 - Computer Vision\Project\Outdated Dataset\Dataset\BMW\219.jpg,"[256, 256, 3]",BMW,"[0, 0, 256, 256]","[[1. 1. 1. ... 1. 1. 1.]
 [1. 1. 1. ... 1. 1. 1.]
 [1. 1. 1. ... 1. 1. 1.]
 ...
 [1. 1. 1. ... 1. 1. 1.]
 [1. 1. 1. ... 1. 1. 1.]
 [1. 1. 1. ... 1. 1. 1.]]"
23,<xml.etree.ElementTree.ElementTree object at 0x000001B6FEDD7C70>,G:\Users\Alex\Desktop\Classes\CSE 498 - Computer Vision\Project\Outdated Dataset\Dataset\BMW\220.jpg,"[256, 256, 3]",BMW,"[75, 40, 185, 205]","[[0.02666235 0.03713839 0.05888111 ... 0.21098921 0.2102838  0.20994392]
 [0.03377895 0.04088731 0.05564051 ... 0.20190972 0.20711289 0.20961988]
 [0.04551242 0.04858726 0.054969   ... 0.19603767 0.20777562 0.21343118]
 ...
 [0.0304272  0.02854937 0.024652   ... 0.15426879 0.14415959 0.1392888 ]
 [0.02597584 0.02402907 0.0199886  ... 0.1534182  0.14434209 0.13996906]
 [0.02326157 0.021073   0.01653068 ... 0.15356475 0.14657093 0.14320118]]"
24,<xml.etree.ElementTree.ElementTree object at 0x000001B6FEDD7B80>,G:\Users\Alex\Desktop\Classes\CSE 498 - Computer Vision\Project\Outdated Dataset\Dataset\BMW\221.jpg,"[256, 256, 3]",BMW,"[0, 0, 256, 256]","[[1. 1. 1. ... 1. 1. 1.]
 [1. 1. 1. ... 1. 1. 1.]
 [1. 1. 1. ... 1. 1. 1.]
 ...
 [1. 1. 1. ... 1. 1. 1.]
 [1. 1. 1. ... 1. 1. 1.]
 [1. 1. 1. ... 1. 1. 1.]]"
25,<xml.etree.ElementTree.ElementTree object at 0x000001B6FEDD7E80>,G:\Users\Alex\Desktop\Classes\CSE 498 - Computer Vision\Project\Outdated Dataset\Dataset\BMW\222.jpg,"[256, 256, 3]",BMW,"[0, 0, 256, 256]","[[1. 1. 1. ... 1. 1. 1.]
 [1. 1. 1. ... 1. 1. 1.]
 [1. 1. 1. ... 1. 1. 1.]
 ...
 [1. 1. 1. ... 1. 1. 1.]
 [1. 1. 1. ... 1. 1. 1.]
 [1. 1. 1. ... 1. 1. 1.]]"
26,<xml.etree.ElementTree.ElementTree object at 0x000001B6FF39E3A0>,G:\Users\Alex\Desktop\Classes\CSE 498 - Computer Vision\Project\Outdated Dataset\Dataset\BMW\224.jpg,"[256, 256, 3]",BMW,"[40, 40, 210, 210]","[[1. 1. 1. ... 1. 1. 1.]
 [1. 1. 1. ... 1. 1. 1.]
 [1. 1. 1. ... 1. 1. 1.]
 ...
 [1. 1. 1. ... 1. 1. 1.]
 [1. 1. 1. ... 1. 1. 1.]
 [1. 1. 1. ... 1. 1. 1.]]"
27,<xml.etree.ElementTree.ElementTree object at 0x000001B6FF39E2B0>,G:\Users\Alex\Desktop\Classes\CSE 498 - Computer Vision\Project\Outdated Dataset\Dataset\BMW\226.jpg,"[256, 256, 3]",BMW,"[0, 0, 256, 256]","[[0.10349095 0.10411602 0.10509782 ... 0.12480687 0.127628   0.1393653 ]
 [0.07972884 0.08321417 0.09227223 ... 0.13735189 0.13122944 0.13659159]
 [0.08393709 0.09335767 0.10489728 ... 0.15798014 0.14101336 0.1371318 ]
 ...
 [0.10540101 0.10540101 0.10730177 ... 0.20126151 0.19589937 0.19351842]
 [0.08775395 0.08709369 0.08717372 ... 0.19479893 0.18613546 0.18445479]
 [0.08497284 0.08153146 0.08281197 ... 0.18977692 0.18081333 0.17575131]]"
28,<xml.etree.ElementTree.ElementTree object at 0x000001B6FF39E220>,G:\Users\Alex\Desktop\Classes\CSE 498 - Computer Vision\Project\Outdated Dataset\Dataset\BMW\227.jpg,"[256, 256, 3]",BMW,"[0, 0, 256, 256]","[[0.65352588 0.65352588 0.65352588 ... 0.65574314 0.65574314 0.65574314]
 [0.65352588 0.65352588 0.65352588 ... 0.65574314 0.65574314 0.65574314]
 [0.65352588 0.65352588 0.65352588 ... 0.65574314 0.65574314 0.65574314]
 ...
 [0.64568275 0.64568275 0.64568275 ... 0.66358627 0.66358627 0.66358627]
 [0.64568275 0.64568275 0.64568275 ... 0.66358627 0.66358627 0.66358627]
 [0.64568275 0.64568275 0.64568275 ... 0.66358627 0.66358627 0.66358627]]"
29,<xml.etree.ElementTree.ElementTree object at 0x000001B6FF39E6A0>,G:\Users\Alex\Desktop\Classes\CSE 498 - Computer Vision\Project\Outdated Dataset\Dataset\BMW\229.jpg,"[256, 256, 3]",BMW,"[0, 0, 256, 256]","[[1. 1. 1. ... 1. 1. 1.]
 [1. 1. 1. ... 1. 1. 1.]
 [1. 1. 1. ... 1. 1. 1.]
 ...
 [1. 1. 1. ... 1. 1. 1.]
 [1. 1. 1. ... 1. 1. 1.]
 [1. 1. 1. ... 1. 1. 1.]]"
30,<xml.etree.ElementTree.ElementTree object at 0x000001B6FDB5F130>,G:\Users\Alex\Desktop\Classes\CSE 498 - Computer Vision\Project\Outdated Dataset\Dataset\BMW\23.jpg,"[521, 371, 3]",BMW,"[56, 25, 342, 277]","[[0.22229076 0.22017538 0.21438035 ... 0.27041269 0.27312627 0.27650513]
 [0.22229076 0.22017538 0.21438035 ... 0.27041269 0.27312627 0.27650513]
 [0.22229076 0.22017538 0.21438035 ... 0.27041269 0.27312627 0.27650513]
 ...
 [0.04268824 0.04319703 0.04577932 ... 0.01381829 0.00881129 0.00380429]
 [0.0350902  0.03641307 0.03878527 ... 0.01504378 0.01190018 0.00821605]
 [0.03045193 0.03372137 0.03386471 ... 0.01504378 0.0123302  0.01211902]]"
31,<xml.etree.ElementTree.ElementTree object at 0x000001B6FDB5FBE0>,G:\Users\Alex\Desktop\Classes\CSE 498 - Computer Vision\Project\Outdated Dataset\Dataset\BMW\230.jpg,"[256, 256, 3]",BMW,"[0, 0, 256, 256]","[[0.25885255 0.25879253 0.25727192 ... 0.18611819 0.1876388  0.18769882]
 [0.25879253 0.25735195 0.25493098 ... 0.18347713 0.18619822 0.18685849]
 [0.25727192 0.25493098 0.25443078 ... 0.18147633 0.18237669 0.18237669]
 ...
 [0.23093504 0.23177538 0.23575697 ... 0.09578761 0.10252893 0.1063137 ]
 [0.2151281  0.21948984 0.22749305 ... 0.10157837 0.10098134 0.10073667]
 [0.20454387 0.20908568 0.21648864 ... 0.10849581 0.10465646 0.10045618]]"
32,<xml.etree.ElementTree.ElementTree object at 0x000001B6FDB5F0A0>,G:\Users\Alex\Desktop\Classes\CSE 498 - Computer Vision\Project\Outdated Dataset\Dataset\BMW\232.jpg,"[256, 256, 3]",BMW,"[0, 0, 256, 256]","[[1. 1. 1. ... 1. 1. 1.]
 [1. 1. 1. ... 1. 1. 1.]
 [1. 1. 1. ... 1. 1. 1.]
 ...
 [1. 1. 1. ... 1. 1. 1.]
 [1. 1. 1. ... 1. 1. 1.]
 [1. 1. 1. ... 1. 1. 1.]]"
33,<xml.etree.ElementTree.ElementTree object at 0x000001B6FDB5F730>,G:\Users\Alex\Desktop\Classes\CSE 498 - Computer Vision\Project\Outdated Dataset\Dataset\BMW\234.jpg,"[256, 256, 3]",BMW,"[40, 35, 200, 220]","[[0.0745098  0.0745098  0.0745098  ... 0.15294118 0.15462185 0.15686275]
 [0.0745098  0.0745098  0.0745098  ... 0.15583859 0.15627751 0.15686275]
 [0.07672444 0.07672444 0.07672444 ... 0.15907738 0.15907738 0.15907738]
 ...
 [0.17084209 0.17084209 0.17020933 ... 0.08235294 0.08235294 0.08235294]
 [0.16760329 0.16760329 0.16760329 ... 0.08132878 0.08132878 0.08132878]
 [0.16470588 0.16470588 0.16470588 ... 0.07843137 0.07843137 0.07843137]]"
34,<xml.etree.ElementTree.ElementTree object at 0x000001B6FDB5F2B0>,G:\Users\Alex\Desktop\Classes\CSE 498 - Computer Vision\Project\Outdated Dataset\Dataset\BMW\235.jpg,"[256, 256, 3]",BMW,"[0, 0, 256, 256]","[[1. 1. 1. ... 1. 1. 1.]
 [1. 1. 1. ... 1. 1. 1.]
 [1. 1. 1. ... 1. 1. 1.]
 ...
 [1. 1. 1. ... 1. 1. 1.]
 [1. 1. 1. ... 1. 1. 1.]
 [1. 1. 1. ... 1. 1. 1.]]"
35,<xml.etree.ElementTree.ElementTree object at 0x000001B6FDB5F640>,G:\Users\Alex\Desktop\Classes\CSE 498 - Computer Vision\Project\Outdated Dataset\Dataset\BMW\235.jpg,"[256, 256, 3]",BMW,"[75, 40, 220, 205]","[[0.         0.         0.         ... 0.0212535  0.07792367 0.13333333]
 [0.         0.         0.         ... 0.03120297 0.05770703 0.09300595]
 [0.         0.         0.         ... 0.08696791 0.06035899 0.05729167]
 ...
 [0.00133929 0.00133929 0.00133929 ... 0.27221383 0.42263097 0.53705357]
 [0.         0.         0.         ... 0.40862958 0.56281991 0.67591912]
 [0.         0.         0.         ... 0.53754377 0.6868785  0.79215686]]"
36,<xml.etree.ElementTree.ElementTree object at 0x000001B6FDB5F850>,G:\Users\Alex\Desktop\Classes\CSE 498 - Computer Vision\Project\Outdated Dataset\Dataset\BMW\238.jpg,"[194, 259, 3]",BMW,"[30, 0, 220, 259]","[[0.28665373 0.28362501 0.29459534 ... 0.24835982 0.24844746 0.25643569]
 [0.30344657 0.29920071 0.29550634 ... 0.27386353 0.27907151 0.28463947]
 [0.3400846  0.34661908 0.34539031 ... 0.29511117 0.27181775 0.25260165]
 ...
 [0.17123973 0.18023122 0.15566221 ... 0.27697146 0.30674733 0.3010495 ]
 [0.27643832 0.24373094 0.22445055 ... 0.25257426 0.2382352  0.19410728]
 [0.20122824 0.17094112 0.18737713 ... 0.25678525 0.2252665  0.16903725]]"
37,<xml.etree.ElementTree.ElementTree object at 0x000001B6FDB5F0D0>,G:\Users\Alex\Desktop\Classes\CSE 498 - Computer Vision\Project\Outdated Dataset\Dataset\BMW\239.jpg,"[256, 256, 3]",BMW,"[40, 40, 190, 190]","[[0.0497149  0.0497149  0.05039768 ... 0.03834961 0.03651611 0.03425255]
 [0.05000017 0.05099815 0.0523168  ... 0.03817563 0.03630404 0.03425255]
 [0.05106162 0.05259876 0.05410869 ... 0.03821349 0.03646062 0.03488869]
 ...
 [0.08077179 0.08140752 0.08263103 ... 0.28157341 0.266605   0.25027032]
 [0.08078607 0.08163332 0.08278865 ... 0.23363261 0.20588172 0.18259738]
 [0.08149569 0.08248305 0.08335708 ... 0.18611749 0.15218293 0.12683647]]"
38,<xml.etree.ElementTree.ElementTree object at 0x000001B6FDB5F700>,G:\Users\Alex\Desktop\Classes\CSE 498 - Computer Vision\Project\Outdated Dataset\Dataset\BMW\24.jpg,"[359, 512, 3]",BMW,"[1, 1, 359, 422]","[[1. 1. 1. ... 1. 1. 1.]
 [1. 1. 1. ... 1. 1. 1.]
 [1. 1. 1. ... 1. 1. 1.]
 ...
 [1. 1. 1. ... 1. 1. 1.]
 [1. 1. 1. ... 1. 1. 1.]
 [1. 1. 1. ... 1. 1. 1.]]"
39,<xml.etree.ElementTree.ElementTree object at 0x000001B6FDB5F3D0>,G:\Users\Alex\Desktop\Classes\CSE 498 - Computer Vision\Project\Outdated Dataset\Dataset\BMW\240.jpg,"[198, 255, 3]",BMW,"[30, 0, 220, 255]","[[0. 0. 0. ... 0. 0. 0.]
 [0. 0. 0. ... 0. 0. 0.]
 [0. 0. 0. ... 0. 0. 0.]
 ...
 [0. 0. 0. ... 0. 0. 0.]
 [0. 0. 0. ... 0. 0. 0.]
 [0. 0. 0. ... 0. 0. 0.]]"
40,<xml.etree.ElementTree.ElementTree object at 0x000001B6FDB5F100>,G:\Users\Alex\Desktop\Classes\CSE 498 - Computer Vision\Project\Outdated Dataset\Dataset\BMW\243.jpg,"[190, 265, 3]",BMW,"[30, 0, 220, 265]","[[0.17457373 0.17457373 0.17264325 ... 0.18052968 0.17930588 0.17930588]
 [0.17457373 0.17457373 0.17264325 ... 0.18052968 0.17930588 0.17930588]
 [0.17214025 0.17214025 0.17171983 ... 0.18052968 0.17930588 0.17930588]
 ...
 [1.         1.         1.         ... 1.         1.         1.        ]
 [1.         1.         1.         ... 1.         1.         1.        ]
 [1.         1.         1.         ... 1.         1.         1.        ]]"
41,<xml.etree.ElementTree.ElementTree object at 0x000001B6FDB5F4F0>,G:\Users\Alex\Desktop\Classes\CSE 498 - Computer Vision\Project\Outdated Dataset\Dataset\BMW\244.jpg,"[168, 300, 3]",BMW,"[15, 90, 145, 220]","[[0.16078431 0.14770658 0.12722339 ... 0.17312675 0.17995448 0.18431373]
 [0.16078431 0.14770658 0.12722339 ... 0.17312675 0.17995448 0.18431373]
 [0.16078431 0.14770658 0.12722339 ... 0.17312675 0.17995448 0.18431373]
 ...
 [0.14882703 0.1401799  0.1266362  ... 0.09078327 0.09999867 0.10588235]
 [0.14655112 0.1387473  0.12652444 ... 0.08861912 0.09915537 0.10588235]
 [0.14509804 0.13783263 0.12645308 ... 0.08723739 0.09861695 0.10588235]]"
42,<xml.etree.ElementTree.ElementTree object at 0x000001B6FDB5FB50>,G:\Users\Alex\Desktop\Classes\CSE 498 - Computer Vision\Project\Outdated Dataset\Dataset\BMW\245.jpg,"[225, 225, 3]",BMW,"[0, 0, 225, 200]","[[1. 1. 1. ... 1. 1. 1.]
 [1. 1. 1. ... 1. 1. 1.]
 [1. 1. 1. ... 1. 1. 1.]
 ...
 [1. 1. 1. ... 1. 1. 1.]
 [1. 1. 1. ... 1. 1. 1.]
 [1. 1. 1. ... 1. 1. 1.]]"
43,<xml.etree.ElementTree.ElementTree object at 0x000001B6FDB5F7C0>,G:\Users\Alex\Desktop\Classes\CSE 498 - Computer Vision\Project\Outdated Dataset\Dataset\BMW\246.jpg,"[225, 225, 3]",BMW,"[0, 0, 225, 225]","[[1. 1. 1. ... 1. 1. 1.]
 [1. 1. 1. ... 1. 1. 1.]
 [1. 1. 1. ... 1. 1. 1.]
 ...
 [1. 1. 1. ... 1. 1. 1.]
 [1. 1. 1. ... 1. 1. 1.]
 [1. 1. 1. ... 1. 1. 1.]]"
44,<xml.etree.ElementTree.ElementTree object at 0x000001B6FDB5FF70>,G:\Users\Alex\Desktop\Classes\CSE 498 - Computer Vision\Project\Outdated Dataset\Dataset\BMW\248.jpg,"[226, 223, 3]",BMW,"[0, 0, 223, 226]","[[1. 1. 1. ... 1. 1. 1.]
 [1. 1. 1. ... 1. 1. 1.]
 [1. 1. 1. ... 1. 1. 1.]
 ...
 [1. 1. 1. ... 1. 1. 1.]
 [1. 1. 1. ... 1. 1. 1.]
 [1. 1. 1. ... 1. 1. 1.]]"
45,<xml.etree.ElementTree.ElementTree object at 0x000001B6FDB5F040>,G:\Users\Alex\Desktop\Classes\CSE 498 - Computer Vision\Project\Outdated Dataset\Dataset\BMW\249.jpg,"[256, 192, 3]",BMW,"[0, 0, 256, 192]","[[0.99215686 0.99215686 0.99215686 ... 0.99215686 0.99215686 0.99215686]
 [0.99215686 0.99215686 0.99215686 ... 0.99215686 0.99215686 0.99215686]
 [0.99215686 0.99215686 0.99215686 ... 0.99215686 0.99215686 0.99215686]
 ...
 [0.99215686 0.99215686 0.99215686 ... 0.77653925 0.80220952 0.95647122]
 [0.99215686 0.99215686 0.99215686 ... 0.82245762 0.77958046 0.96205345]
 [0.99215686 0.99215686 0.99215686 ... 0.83500263 0.75405025 0.93696342]]"
46,<xml.etree.ElementTree.ElementTree object at 0x000001B6FDB5F430>,G:\Users\Alex\Desktop\Classes\CSE 498 - Computer Vision\Project\Outdated Dataset\Dataset\BMW\25.jpg,"[516, 375, 3]",BMW,"[173, 103, 338, 271]","[[0.61260588 0.49162374 0.34335195 ... 0.6732596  0.54000521 0.44511725]
 [0.68035907 0.58754679 0.47883833 ... 0.54552595 0.35661881 0.24097412]
 [0.74432833 0.67731371 0.60102385 ... 0.39940702 0.2043765  0.09495882]
 ...
 [0.99188902 0.98862725 0.98113972 ... 0.01941527 0.02841934 0.02990196]
 [0.99325358 0.99094552 0.98458313 ... 0.01894914 0.02869179 0.03284314]
 [0.99552784 0.99332668 0.98787116 ... 0.01817227 0.02817752 0.03529412]]"
47,<xml.etree.ElementTree.ElementTree object at 0x000001B6FDB5FA90>,G:\Users\Alex\Desktop\Classes\CSE 498 - Computer Vision\Project\Outdated Dataset\Dataset\BMW\250.jpg,"[225, 225, 3]",BMW,"[0, 0, 225, 225]","[[1. 1. 1. ... 1. 1. 1.]
 [1. 1. 1. ... 1. 1. 1.]
 [1. 1. 1. ... 1. 1. 1.]
 ...
 [1. 1. 1. ... 1. 1. 1.]
 [1. 1. 1. ... 1. 1. 1.]
 [1. 1. 1. ... 1. 1. 1.]]"
48,<xml.etree.ElementTree.ElementTree object at 0x000001B6FDB5F070>,G:\Users\Alex\Desktop\Classes\CSE 498 - Computer Vision\Project\Outdated Dataset\Dataset\BMW\257.jpg,"[225, 225, 3]",BMW,"[0, 0, 225, 225]","[[1. 1. 1. ... 1. 1. 1.]
 [1. 1. 1. ... 1. 1. 1.]
 [1. 1. 1. ... 1. 1. 1.]
 ...
 [1. 1. 1. ... 1. 1. 1.]
 [1. 1. 1. ... 1. 1. 1.]
 [1. 1. 1. ... 1. 1. 1.]]"
49,<xml.etree.ElementTree.ElementTree object at 0x000001B6FDB5FCA0>,G:\Users\Alex\Desktop\Classes\CSE 498 - Computer Vision\Project\Outdated Dataset\Dataset\BMW\28.jpg,"[386, 500, 3]",BMW,"[28, 1, 360, 375]","[[1. 1. 1. ... 1. 1. 1.]
 [1. 1. 1. ... 1. 1. 1.]
 [1. 1. 1. ... 1. 1. 1.]
 ...
 [1. 1. 1. ... 1. 1. 1.]
 [1. 1. 1. ... 1. 1. 1.]
 [1. 1. 1. ... 1. 1. 1.]]"
50,<xml.etree.ElementTree.ElementTree object at 0x000001B6FEB8FBB0>,G:\Users\Alex\Desktop\Classes\CSE 498 - Computer Vision\Project\Outdated Dataset\Dataset\BMW\29.jpg,"[524, 368, 3]",BMW,"[10, 1, 157, 154]","[[0.77270667 0.77270667 0.77270667 ... 0.772984   0.77270667 0.77270667]
 [0.77270667 0.77270667 0.77270667 ... 0.772984   0.77270667 0.77270667]
 [0.77270667 0.77270667 0.77270667 ... 0.772984   0.77270667 0.77270667]
 ...
 [0.81610828 0.81610828 0.81610828 ... 0.81610828 0.81610828 0.81610828]
 [0.81692235 0.81692235 0.81692235 ... 0.81692235 0.81692235 0.81692235]
 [0.81692235 0.81692235 0.81692235 ... 0.81692235 0.81692235 0.81692235]]"
51,<xml.etree.ElementTree.ElementTree object at 0x000001B6FEB8FA60>,G:\Users\Alex\Desktop\Classes\CSE 498 - Computer Vision\Project\Outdated Dataset\Dataset\BMW\32.jpg,"[383, 500, 3]",BMW,"[1, 1, 383, 413]","[[1. 1. 1. ... 1. 1. 1.]
 [1. 1. 1. ... 1. 1. 1.]
 [1. 1. 1. ... 1. 1. 1.]
 ...
 [1. 1. 1. ... 1. 1. 1.]
 [1. 1. 1. ... 1. 1. 1.]
 [1. 1. 1. ... 1. 1. 1.]]"
52,<xml.etree.ElementTree.ElementTree object at 0x000001B6FEB8F2E0>,G:\Users\Alex\Desktop\Classes\CSE 498 - Computer Vision\Project\Outdated Dataset\Dataset\BMW\34.jpg,"[496, 391, 3]",BMW,"[145, 12, 356, 251]","[[0.02745098 0.02745098 0.02745098 ... 0.02745098 0.02745098 0.02745098]
 [0.02745098 0.02745098 0.02745098 ... 0.02745098 0.02745098 0.02745098]
 [0.02745098 0.02745098 0.02745098 ... 0.02745098 0.02745098 0.02745098]
 ...
 [0.03071604 0.03071604 0.03071604 ... 0.02745098 0.02745098 0.02745098]
 [0.02784489 0.02784489 0.02784489 ... 0.02392332 0.02392332 0.02392332]
 [0.02366071 0.02366071 0.02366071 ... 0.02352941 0.02352941 0.02352941]]"
53,<xml.etree.ElementTree.ElementTree object at 0x000001B6FEB8FEE0>,G:\Users\Alex\Desktop\Classes\CSE 498 - Computer Vision\Project\Outdated Dataset\Dataset\BMW\35.jpg,"[490, 355, 3]",BMW,"[209, 2, 322, 349]","[[1. 1. 1. ... 1. 1. 1.]
 [1. 1. 1. ... 1. 1. 1.]
 [1. 1. 1. ... 1. 1. 1.]
 ...
 [1. 1. 1. ... 1. 1. 1.]
 [1. 1. 1. ... 1. 1. 1.]
 [1. 1. 1. ... 1. 1. 1.]]"
54,<xml.etree.ElementTree.ElementTree object at 0x000001B6FEB8F850>,G:\Users\Alex\Desktop\Classes\CSE 498 - Computer Vision\Project\Outdated Dataset\Dataset\BMW\36.jpg,"[498, 367, 1]",BMW,"[1, 1, 498, 367]","[[0. 0. 0. ... 0. 0. 0.]
 [0. 0. 0. ... 0. 0. 0.]
 [0. 0. 0. ... 0. 0. 0.]
 ...
 [0. 0. 0. ... 0. 0. 0.]
 [0. 0. 0. ... 0. 0. 0.]
 [0. 0. 0. ... 0. 0. 0.]]"
55,<xml.etree.ElementTree.ElementTree object at 0x000001B6FEB8F820>,G:\Users\Alex\Desktop\Classes\CSE 498 - Computer Vision\Project\Outdated Dataset\Dataset\BMW\38.jpg,"[485, 368, 3]",BMW,"[1, 102, 257, 309]","[[0.74177468 0.75592415 0.76426734 ... 0.46939199 0.47387378 0.49162978]
 [0.67715564 0.69010415 0.70122381 ... 0.49121865 0.49570044 0.50032837]
 [0.58165572 0.58740484 0.60198552 ... 0.53146058 0.53231092 0.53773477]
 ...
 [0.1296019  0.13600832 0.14240857 ... 0.23413634 0.23472095 0.23246222]
 [0.14472441 0.16018657 0.17990573 ... 0.2310232  0.2334029  0.23556207]
 [0.16879283 0.19670249 0.23153092 ... 0.23152431 0.22844308 0.23672423]]"
56,<xml.etree.ElementTree.ElementTree object at 0x000001B6FEB8F940>,G:\Users\Alex\Desktop\Classes\CSE 498 - Computer Vision\Project\Outdated Dataset\Dataset\BMW\39.jpg,"[509, 372, 3]",BMW,"[62, 2, 458, 288]","[[1. 1. 1. ... 1. 1. 1.]
 [1. 1. 1. ... 1. 1. 1.]
 [1. 1. 1. ... 1. 1. 1.]
 ...
 [1. 1. 1. ... 1. 1. 1.]
 [1. 1. 1. ... 1. 1. 1.]
 [1. 1. 1. ... 1. 1. 1.]]"
57,<xml.etree.ElementTree.ElementTree object at 0x000001B6FEB8FB80>,G:\Users\Alex\Desktop\Classes\CSE 498 - Computer Vision\Project\Outdated Dataset\Dataset\BMW\40.jpg,"[491, 375, 3]",BMW,"[108, 85, 388, 303]","[[0.95970152 0.96325358 0.96676044 ... 0.14447691 0.16078304 0.16703686]
 [0.96287015 0.96717953 0.97286928 ... 0.15571209 0.1810843  0.19192404]
 [0.9787646  0.97837496 0.97518225 ... 0.17031259 0.19637211 0.20255918]
 ...
 [0.98598824 0.98598824 0.98598824 ... 0.97398018 0.97393251 0.97390391]
 [0.98598824 0.98598824 0.98598824 ... 0.97460826 0.97388977 0.97345867]
 [0.98598824 0.98598824 0.98598824 ... 0.97650118 0.97562201 0.97509451]]"
58,<xml.etree.ElementTree.ElementTree object at 0x000001B6FEB8F160>,G:\Users\Alex\Desktop\Classes\CSE 498 - Computer Vision\Project\Outdated Dataset\Dataset\BMW\41.jpg,"[481, 378, 3]",BMW,"[100, 22, 425, 349]","[[0.1359902  0.1359902  0.13549125 ... 0.52294667 0.52294667 0.52294667]
 [0.13483036 0.13483036 0.13433141 ... 0.52294667 0.52294667 0.52294667]
 [0.13038706 0.13038706 0.13038706 ... 0.52294667 0.52294667 0.52294667]
 ...
 [0.03585961 0.03585961 0.03536066 ... 0.05763241 0.06374651 0.06639882]
 [0.03380954 0.03380954 0.0334654  ... 0.05413517 0.06165433 0.06457229]
 [0.03110471 0.03110471 0.03110471 ... 0.05375093 0.05982494 0.06247725]]"
59,<xml.etree.ElementTree.ElementTree object at 0x000001B6FEB8F190>,G:\Users\Alex\Desktop\Classes\CSE 498 - Computer Vision\Project\Outdated Dataset\Dataset\BMW\42.jpg,"[380, 513, 3]",BMW,"[115, 192, 265, 308]","[[0.00392157 0.00392157 0.0032388  ... 0.         0.         0.        ]
 [0.00392157 0.00392157 0.0032388  ... 0.         0.         0.        ]
 [0.00392157 0.00392157 0.0032388  ... 0.         0.         0.        ]
 ...
 [0.         0.         0.         ... 0.00392157 0.00197829 0.        ]
 [0.         0.         0.         ... 0.00392157 0.00197829 0.        ]
 [0.         0.         0.         ... 0.00392157 0.00197829 0.        ]]"
60,<xml.etree.ElementTree.ElementTree object at 0x000001B6FEB8F5B0>,G:\Users\Alex\Desktop\Classes\CSE 498 - Computer Vision\Project\Outdated Dataset\Dataset\BMW\43.jpg,"[497, 352, 3]",BMW,"[130, 40, 397, 305]","[[0.25809529 0.25809529 0.25809529 ... 0.25417373 0.25417373 0.25417373]
 [0.25809529 0.25809529 0.25809529 ... 0.25417373 0.25417373 0.25417373]
 [0.25720326 0.25720326 0.25720326 ... 0.25417373 0.25417373 0.25417373]
 ...
 [0.12694157 0.12694157 0.12586657 ... 0.1493698  0.1493698  0.1493698 ]
 [0.12694157 0.12694157 0.12586657 ... 0.1493698  0.1493698  0.1493698 ]
 [0.11853829 0.11853829 0.11843991 ... 0.14580713 0.14580713 0.14580713]]"
61,<xml.etree.ElementTree.ElementTree object at 0x000001B6FEB8FE80>,G:\Users\Alex\Desktop\Classes\CSE 498 - Computer Vision\Project\Outdated Dataset\Dataset\BMW\46.jpg,"[516, 373, 3]",BMW,"[133, 103, 456, 344]","[[0.02521951 0.02521951 0.02521951 ... 0.14586552 0.14601433 0.14601433]
 [0.02737451 0.02737451 0.02737451 ... 0.13809549 0.1417211  0.14201706]
 [0.02737451 0.02737451 0.02737451 ... 0.13669478 0.13784384 0.14052999]
 ...
 [0.         0.         0.         ... 0.27042174 0.25797994 0.27831203]
 [0.         0.         0.         ... 0.17100063 0.15321946 0.16190126]
 [0.         0.         0.         ... 0.07757302 0.0569907  0.05639357]]"
62,<xml.etree.ElementTree.ElementTree object at 0x000001B6FEB8F070>,G:\Users\Alex\Desktop\Classes\CSE 498 - Computer Vision\Project\Outdated Dataset\Dataset\BMW\48.jpg,"[498, 367, 3]",BMW,"[89, 5, 410, 367]","[[0.75499569 0.75499569 0.75205799 ... 0.72390588 0.72390588 0.7208334 ]
 [0.75499569 0.75499569 0.75499569 ... 0.72390588 0.72263588 0.72004875]
 [0.75036856 0.74895577 0.74895577 ... 0.72390588 0.72178922 0.71952565]
 ...
 [0.63143915 0.62836667 0.63505434 ... 0.6496288  0.6491458  0.64797451]
 [0.63160789 0.62552178 0.62511912 ... 0.64770147 0.64746829 0.64424235]
 [0.63366254 0.62013521 0.62127105 ... 0.64166324 0.63668882 0.63019509]]"
63,<xml.etree.ElementTree.ElementTree object at 0x000001B6FEB8F6A0>,G:\Users\Alex\Desktop\Classes\CSE 498 - Computer Vision\Project\Outdated Dataset\Dataset\BMW\50.jpg,"[501, 370, 3]",BMW,"[184, 50, 335, 240]","[[0.21965255 0.2216571  0.22575374 ... 0.1693987  0.18784232 0.20788784]
 [0.22873868 0.23074324 0.235401   ... 0.23019602 0.24552305 0.25937594]
 [0.23141725 0.23342181 0.23824499 ... 0.24315965 0.26133762 0.27212104]
 ...
 [0.11804104 0.11804104 0.11804104 ... 0.12588417 0.12661161 0.12737227]
 [0.11958165 0.11958165 0.11958165 ... 0.12993794 0.13158391 0.13313207]
 [0.11655294 0.11655294 0.11655294 ... 0.13543424 0.13616078 0.13616078]]"
64,<xml.etree.ElementTree.ElementTree object at 0x000001B6FEB8FFD0>,G:\Users\Alex\Desktop\Classes\CSE 498 - Computer Vision\Project\Outdated Dataset\Dataset\BMW\51.jpg,"[496, 355, 3]",BMW,"[202, 39, 435, 289]","[[0.20434564 0.2035135  0.20382244 ... 0.09964434 0.05981362 0.04234526]
 [0.20633962 0.21012572 0.20924186 ... 0.08375097 0.05352725 0.06313456]
 [0.21485617 0.21893591 0.21893591 ... 0.08627933 0.06300948 0.07552415]
 ...
 [0.13759113 0.14028433 0.14014045 ... 0.22801679 0.22655351 0.22648493]
 [0.13739769 0.14031882 0.14071273 ... 0.30808197 0.30768806 0.30451433]
 [0.13469459 0.13507547 0.13835774 ... 0.33929215 0.33903059 0.3351878 ]]"
65,<xml.etree.ElementTree.ElementTree object at 0x000001B6FEB8F220>,G:\Users\Alex\Desktop\Classes\CSE 498 - Computer Vision\Project\Outdated Dataset\Dataset\BMW\52.jpg,"[507, 379, 3]",BMW,"[1, 1, 266, 227]","[[1. 1. 1. ... 1. 1. 1.]
 [1. 1. 1. ... 1. 1. 1.]
 [1. 1. 1. ... 1. 1. 1.]
 ...
 [1. 1. 1. ... 1. 1. 1.]
 [1. 1. 1. ... 1. 1. 1.]
 [1. 1. 1. ... 1. 1. 1.]]"
66,<xml.etree.ElementTree.ElementTree object at 0x000001B6FEB8F430>,G:\Users\Alex\Desktop\Classes\CSE 498 - Computer Vision\Project\Outdated Dataset\Dataset\BMW\55.jpg,"[507, 356, 3]",BMW,"[144, 130, 213, 229]","[[0.58802745 0.58802745 0.58802745 ... 0.83819893 0.85695647 0.85695647]
 [0.58830516 0.58830516 0.58830516 ... 0.83842166 0.85722933 0.85722933]
 [0.58905841 0.58905841 0.58905841 ... 0.8390258  0.8579694  0.8579694 ]
 ...
 [0.63328549 0.63328549 0.63301076 ... 0.32377454 0.30476975 0.30476975]
 [0.63328549 0.63328549 0.63321148 ... 0.33285968 0.3139224  0.3139224 ]
 [0.63328549 0.63328549 0.63328549 ... 0.33620926 0.31729686 0.31729686]]"
67,<xml.etree.ElementTree.ElementTree object at 0x000001B6FEB8FD30>,G:\Users\Alex\Desktop\Classes\CSE 498 - Computer Vision\Project\Outdated Dataset\Dataset\BMW\56.jpg,"[481, 394, 3]",BMW,"[153, 101, 328, 270]","[[0.31776627 0.3256554  0.3324077  ... 0.1846085  0.17860525 0.17410078]
 [0.31156599 0.31814441 0.32233756 ... 0.18586557 0.18096248 0.17657803]
 [0.30492227 0.30971903 0.31260941 ... 0.18746066 0.18237293 0.1774734 ]
 ...
 [0.54458683 0.55078641 0.55736804 ... 0.14434352 0.14402864 0.14346549]
 [0.54639646 0.55276303 0.55914806 ... 0.14207213 0.14218404 0.14350908]
 [0.55099373 0.55664327 0.56220107 ... 0.14068309 0.1409526  0.14227765]]"
68,<xml.etree.ElementTree.ElementTree object at 0x000001B6FEB8F700>,G:\Users\Alex\Desktop\Classes\CSE 498 - Computer Vision\Project\Outdated Dataset\Dataset\BMW\58.jpg,"[519, 391, 3]",BMW,"[82, 53, 459, 375]","[[0.39665882 0.39665882 0.39665882 ... 0.36528627 0.36146099 0.36136471]
 [0.39665882 0.39665882 0.39665882 ... 0.36528627 0.36146099 0.36136471]
 [0.39273725 0.39273725 0.39273725 ... 0.37312941 0.36547885 0.36528627]
 ...
 [0.55060137 0.55060137 0.55060137 ... 0.43978118 0.43978118 0.43978118]
 [0.55231706 0.55231706 0.55231706 ... 0.43978118 0.43978118 0.43978118]
 [0.55489059 0.55489059 0.55489059 ... 0.43978118 0.43978118 0.43978118]]"
69,<xml.etree.ElementTree.ElementTree object at 0x000001B6FEB8FEB0>,G:\Users\Alex\Desktop\Classes\CSE 498 - Computer Vision\Project\Outdated Dataset\Dataset\BMW\59.jpg,"[516, 388, 3]",BMW,"[65, 46, 450, 367]","[[0.27132959 0.24403854 0.22375765 ... 0.22177483 0.22720761 0.12852666]
 [0.15139037 0.15364022 0.24904329 ... 0.25535746 0.22238919 0.22897557]
 [0.15050164 0.20030492 0.38768319 ... 0.32682367 0.25386608 0.25801793]
 ...
 [0.36839337 0.32260896 0.36243066 ... 0.07528565 0.04672455 0.06632437]
 [0.2928235  0.22336532 0.25989061 ... 0.1220391  0.13591865 0.12708028]
 [0.18435878 0.17824462 0.1947361  ... 0.25156817 0.36995553 0.2826508 ]]"
70,<xml.etree.ElementTree.ElementTree object at 0x000001B6FEB8FC10>,G:\Users\Alex\Desktop\Classes\CSE 498 - Computer Vision\Project\Outdated Dataset\Dataset\BMW\6.jpg,"[511, 369, 3]",BMW,"[59, 11, 451, 368]","[[0.21085295 0.1934742  0.17118733 ... 0.27659864 0.27206357 0.27377619]
 [0.30220132 0.28922946 0.27400275 ... 0.30667676 0.3293246  0.31805468]
 [0.34365735 0.34977714 0.34495245 ... 0.26974355 0.28922809 0.25942263]
 ...
 [0.14639415 0.17823392 0.16970911 ... 0.26916658 0.24879281 0.23701278]
 [0.20996173 0.20655333 0.19588391 ... 0.27272816 0.25519599 0.25196376]
 [0.22321812 0.21009006 0.20118994 ... 0.26870702 0.2457061  0.254836  ]]"
71,<xml.etree.ElementTree.ElementTree object at 0x000001B6FEB8FCD0>,G:\Users\Alex\Desktop\Classes\CSE 498 - Computer Vision\Project\Outdated Dataset\Dataset\BMW\60.jpg,"[510, 387, 3]",BMW,"[80, 10, 413, 383]","[[0.71785517 0.73675218 0.28671107 ... 0.         0.         0.        ]
 [0.75666308 0.70483762 0.12716428 ... 0.         0.         0.        ]
 [0.57644427 0.49830127 0.09106969 ... 0.         0.         0.        ]
 ...
 [0.         0.         0.         ... 0.00477066 0.         0.        ]
 [0.         0.         0.         ... 0.00477066 0.         0.        ]
 [0.         0.         0.         ... 0.00477066 0.         0.        ]]"
72,<xml.etree.ElementTree.ElementTree object at 0x000001B6FEB8FD60>,G:\Users\Alex\Desktop\Classes\CSE 498 - Computer Vision\Project\Outdated Dataset\Dataset\BMW\61.jpg,"[494, 392, 3]",BMW,"[151, 11, 386, 385]","[[0.4339986  0.4339986  0.4339986  ... 0.44576331 0.44576331 0.44576331]
 [0.44707633 0.44707633 0.44707633 ... 0.45884104 0.45884104 0.45884104]
 [0.45362395 0.45362395 0.45362395 ... 0.46538866 0.46538866 0.46538866]
 ...
 [0.43665966 0.43665966 0.43665966 ... 0.42881653 0.42518382 0.42489496]
 [0.42746849 0.42746849 0.42746849 ... 0.41962535 0.41599265 0.41570378]
 [0.41831232 0.41831232 0.41831232 ... 0.4052521  0.4016194  0.40133053]]"
73,<xml.etree.ElementTree.ElementTree object at 0x000001B6FEB8F610>,G:\Users\Alex\Desktop\Classes\CSE 498 - Computer Vision\Project\Outdated Dataset\Dataset\BMW\62.jpg,"[480, 399, 3]",BMW,"[30, 30, 450, 369]","[[1. 1. 1. ... 1. 1. 1.]
 [1. 1. 1. ... 1. 1. 1.]
 [1. 1. 1. ... 1. 1. 1.]
 ...
 [1. 1. 1. ... 1. 1. 1.]
 [1. 1. 1. ... 1. 1. 1.]
 [1. 1. 1. ... 1. 1. 1.]]"
74,<xml.etree.ElementTree.ElementTree object at 0x000001B6FEB8F1C0>,G:\Users\Alex\Desktop\Classes\CSE 498 - Computer Vision\Project\Outdated Dataset\Dataset\BMW\63.jpg,"[480, 361, 3]",BMW,"[229, 31, 460, 258]","[[0.42769147 0.42550123 0.42519486 ... 0.3394133  0.3394133  0.33555301]
 [0.43948971 0.43941216 0.43910578 ... 0.33242784 0.33242784 0.32856755]
 [0.4432745  0.4395373  0.43910578 ... 0.33242784 0.33242784 0.32856755]
 ...
 [0.69210922 0.68821506 0.68684108 ... 0.35739373 0.35739373 0.35739373]
 [0.69647848 0.69181331 0.69129447 ... 0.36316905 0.36316905 0.35938631]
 [0.69658099 0.6926764  0.69138577 ... 0.36328745 0.36328745 0.35942716]]"
75,<xml.etree.ElementTree.ElementTree object at 0x000001B6FEB8F2B0>,G:\Users\Alex\Desktop\Classes\CSE 498 - Computer Vision\Project\Outdated Dataset\Dataset\BMW\65.jpg,"[523, 380, 3]",BMW,"[149, 125, 313, 280]","[[0.22507529 0.20396185 0.1839551  ... 0.11908437 0.1078228  0.09491333]
 [0.20397936 0.18791387 0.17269138 ... 0.13102618 0.12049224 0.1107414 ]
 [0.17954833 0.16970795 0.16030962 ... 0.14518755 0.13498073 0.12794291]
 ...
 [0.12718749 0.13837783 0.15207346 ... 0.17524463 0.18261856 0.19078169]
 [0.125244   0.13914159 0.15495338 ... 0.16738039 0.1728545  0.18264094]
 [0.12403098 0.14045255 0.15795955 ... 0.16172969 0.16526373 0.17631216]]"
76,<xml.etree.ElementTree.ElementTree object at 0x000001B6FEB8FBE0>,G:\Users\Alex\Desktop\Classes\CSE 498 - Computer Vision\Project\Outdated Dataset\Dataset\BMW\66.jpg,"[510, 390, 3]",BMW,"[1, 1, 510, 390]","[[0.65352588 0.65352588 0.65352588 ... 0.65688196 0.65688196 0.65688196]
 [0.65352588 0.65352588 0.65352588 ... 0.65688196 0.65688196 0.65688196]
 [0.65352588 0.65352588 0.65352588 ... 0.65688196 0.65688196 0.65688196]
 ...
 [0.64568275 0.64568275 0.64568275 ... 0.6647251  0.6647251  0.6647251 ]
 [0.64568275 0.64568275 0.64568275 ... 0.6647251  0.6647251  0.6647251 ]
 [0.64568275 0.64568275 0.64568275 ... 0.6647251  0.6647251  0.6647251 ]]"
77,<xml.etree.ElementTree.ElementTree object at 0x000001B6FDA38220>,G:\Users\Alex\Desktop\Classes\CSE 498 - Computer Vision\Project\Outdated Dataset\Dataset\BMW\67.jpg,"[503, 394, 3]",BMW,"[157, 117, 354, 302]","[[0.45009647 0.43035801 0.41230234 ... 0.15948028 0.1595808  0.16279333]
 [0.44140424 0.42504809 0.41178753 ... 0.15656907 0.1519363  0.15989592]
 [0.43325936 0.42043984 0.4109382  ... 0.15619762 0.14923416 0.15887176]
 ...
 [0.19105307 0.1847235  0.18695017 ... 0.31944165 0.31666326 0.31666326]
 [0.18737511 0.18069023 0.18338574 ... 0.31775014 0.31342447 0.31342447]
 [0.18323529 0.17519464 0.18163954 ... 0.31485273 0.31052706 0.31052706]]"
78,<xml.etree.ElementTree.ElementTree object at 0x000001B6FDA38490>,G:\Users\Alex\Desktop\Classes\CSE 498 - Computer Vision\Project\Outdated Dataset\Dataset\BMW\69.jpg,"[510, 379, 3]",BMW,"[66, 40, 405, 330]","[[0.13363098 0.13363098 0.13363098 ... 0.13363098 0.13363098 0.13363098]
 [0.13363098 0.13363098 0.13363098 ... 0.13363098 0.13363098 0.13363098]
 [0.13363098 0.13363098 0.13363098 ... 0.13363098 0.13363098 0.13363098]
 ...
 [0.23559176 0.23559176 0.23559176 ... 0.21598392 0.21598392 0.21598392]
 [0.23778014 0.23778014 0.23778014 ... 0.21598392 0.21598392 0.21598392]
 [0.23951333 0.23951333 0.23951333 ... 0.21598392 0.21598392 0.21598392]]"
79,<xml.etree.ElementTree.ElementTree object at 0x000001B6FDA38A00>,G:\Users\Alex\Desktop\Classes\CSE 498 - Computer Vision\Project\Outdated Dataset\Dataset\BMW\70.jpg,"[513, 355, 3]",BMW,"[46, 1, 473, 355]","[[0.25796667 0.25796667 0.25796667 ... 0.20804606 0.2026561  0.19680329]
 [0.2545528  0.2545528  0.2545528  ... 0.2038928  0.19745898 0.193675  ]
 [0.25227689 0.25227689 0.25227689 ... 0.19873699 0.19302971 0.18985218]
 ...
 [0.12283812 0.140618   0.15295653 ... 0.09002932 0.07616234 0.07807266]
 [0.14821776 0.1673179  0.17214628 ... 0.0660101  0.05566631 0.05452259]
 [0.16061272 0.17451574 0.17817634 ... 0.0660101  0.05566631 0.06130108]]"
80,<xml.etree.ElementTree.ElementTree object at 0x000001B6FDA387F0>,G:\Users\Alex\Desktop\Classes\CSE 498 - Computer Vision\Project\Outdated Dataset\Dataset\BMW\72.jpg,"[514, 377, 3]",BMW,"[123, 74, 407, 339]","[[0.27439647 0.27282084 0.2704749  ... 0.16798341 0.16798341 0.16798341]
 [0.27439647 0.27282084 0.2704749  ... 0.17078902 0.17078902 0.17078902]
 [0.27439647 0.27282084 0.2704749  ... 0.17220216 0.17220216 0.17220216]
 ...
 [0.34713725 0.34713725 0.34713725 ... 0.32496196 0.32496196 0.32496196]
 [0.34713725 0.34713725 0.34713725 ... 0.32496196 0.32496196 0.32496196]
 [0.34713725 0.34713725 0.34713725 ... 0.32496196 0.32496196 0.32496196]]"
81,<xml.etree.ElementTree.ElementTree object at 0x000001B6FDA38310>,G:\Users\Alex\Desktop\Classes\CSE 498 - Computer Vision\Project\Outdated Dataset\Dataset\BMW\74.jpg,"[509, 378, 3]",BMW,"[127, 103, 369, 250]","[[0.10040266 0.15828081 0.17177871 ... 0.0054972  0.00047269 0.00752801]
 [0.13618807 0.18631554 0.19570914 ... 0.01385843 0.00305908 0.00578114]
 [0.18127407 0.21884984 0.22327857 ... 0.0195586  0.00547997 0.00339226]
 ...
 [0.22393153 0.26698015 0.29301826 ... 0.01502625 0.01030455 0.00419368]
 [0.16941882 0.22482548 0.26612258 ... 0.0101114  0.00481356 0.00446759]
 [0.1280112  0.19390756 0.24789916 ... 0.00756662 0.00127194 0.00432595]]"
82,<xml.etree.ElementTree.ElementTree object at 0x000001B6FDA38A30>,G:\Users\Alex\Desktop\Classes\CSE 498 - Computer Vision\Project\Outdated Dataset\Dataset\BMW\76.jpg,"[483, 368, 3]",BMW,"[190, 124, 309, 254]","[[0. 0. 0. ... 0. 0. 0.]
 [0. 0. 0. ... 0. 0. 0.]
 [0. 0. 0. ... 0. 0. 0.]
 ...
 [0. 0. 0. ... 0. 0. 0.]
 [0. 0. 0. ... 0. 0. 0.]
 [0. 0. 0. ... 0. 0. 0.]]"
83,<xml.etree.ElementTree.ElementTree object at 0x000001B6FDA38670>,G:\Users\Alex\Desktop\Classes\CSE 498 - Computer Vision\Project\Outdated Dataset\Dataset\BMW\77.jpg,"[487, 395, 3]",BMW,"[210, 1, 300, 86]","[[0.06252196 0.06231946 0.06152708 ... 0.08807087 0.09448699 0.09612667]
 [0.06252196 0.06231946 0.06152708 ... 0.08739126 0.09391641 0.09558395]
 [0.06252196 0.06231946 0.06152708 ... 0.08366438 0.09078742 0.09260776]
 ...
 [0.20006828 0.20549853 0.22674732 ... 0.05127804 0.05127804 0.05127804]
 [0.13608018 0.14423872 0.17616342 ... 0.05127804 0.05127804 0.05127804]
 [0.12441176 0.13306781 0.16693929 ... 0.05127804 0.05127804 0.05127804]]"
84,<xml.etree.ElementTree.ElementTree object at 0x000001B6FDA38190>,G:\Users\Alex\Desktop\Classes\CSE 498 - Computer Vision\Project\Outdated Dataset\Dataset\BMW\78.jpg,"[509, 350, 3]",BMW,"[326, 138, 423, 225]","[[0.25208431 0.25777884 0.27426749 ... 0.58005961 0.58005961 0.58005961]
 [0.24801276 0.25340996 0.26903768 ... 0.57925085 0.57925085 0.57925085]
 [0.22886545 0.23286441 0.24444348 ... 0.57544749 0.57544749 0.57544749]
 ...
 [0.12500369 0.12500369 0.12500369 ... 0.17607579 0.17487398 0.17445892]
 [0.12402692 0.12402692 0.12402692 ... 0.18021291 0.18080207 0.18100555]
 [0.12381922 0.12381922 0.12381922 ... 0.18109265 0.18206265 0.18239765]]"
85,<xml.etree.ElementTree.ElementTree object at 0x000001B6FDA386D0>,G:\Users\Alex\Desktop\Classes\CSE 498 - Computer Vision\Project\Outdated Dataset\Dataset\BMW\79.jpg,"[506, 387, 3]",BMW,"[178, 105, 328, 287]","[[0.05688196 0.05688196 0.05756473 ... 0.08620619 0.09019779 0.09217608]
 [0.06533784 0.06675974 0.0683485  ... 0.08155042 0.08595726 0.08935745]
 [0.07698    0.07790732 0.07845551 ... 0.07936588 0.08326556 0.08617118]
 ...
 [0.08935023 0.08935023 0.08862479 ... 0.08194256 0.07814956 0.07604762]
 [0.08006114 0.08006114 0.08006114 ... 0.0790288  0.07843137 0.07843137]
 [0.07420431 0.07420431 0.07420431 ... 0.07706583 0.07843137 0.07843137]]"
