,folder,filename,filepath,source,size,segmented,objectType,pose,truncated,difficult,bndbox,bndbox_img
0,Lamborghini,1.jpg,G:\Users\Alex\Desktop\Classes\CSE 498 - Computer Vision\Project\Outdated Dataset\Dataset\Lamborghini\1.jpg,Unknown,"[499, 352, 3]",0,Lamborghini,Unspecified,0,0,"[140, 55, 350, 297]","[[[252 249 242]
  [254 249 237]
  [255 248 235]
  ...
  [254 247 228]
  [255 248 230]
  [255 249 233]]

 [[252 249 242]
  [254 246 233]
  [255 246 231]
  ...
  [252 246 222]
  [253 247 225]
  [254 247 228]]

 [[255 246 234]
  [254 247 229]
  [253 245 226]
  ...
  [254 244 218]
  [253 246 222]
  [253 247 225]]

 ...

 [[253 253 251]
  [255 254 252]
  [255 254 250]
  ...
  [253 252 248]
  [253 252 248]
  [254 253 249]]

 [[253 253 251]
  [255 253 254]
  [255 254 252]
  ...
  [253 252 248]
  [253 252 248]
  [254 253 249]]

 [[253 253 251]
  [255 253 254]
  [255 254 252]
  ...
  [253 252 248]
  [253 252 248]
  [254 253 249]]]"
1,Lamborghini,100.jpg,G:\Users\Alex\Desktop\Classes\CSE 498 - Computer Vision\Project\Outdated Dataset\Dataset\Lamborghini\100.jpg,Unknown,"[1920, 1080, 3]",0,Lamborghini,Unspecified,0,0,"[700, 0, 1300, 800]","[[[253 253 253]
  [253 253 253]
  [253 253 253]
  ...
  [254 254 254]
  [254 254 254]
  [254 254 254]]

 [[253 253 253]
  [253 253 253]
  [253 253 253]
  ...
  [254 254 254]
  [254 254 254]
  [254 254 254]]

 [[253 253 253]
  [253 253 253]
  [253 253 253]
  ...
  [254 254 254]
  [254 254 254]
  [254 254 254]]

 ...

 [[254 254 254]
  [254 254 254]
  [254 254 254]
  ...
  [254 254 254]
  [254 254 254]
  [254 254 254]]

 [[254 254 254]
  [254 254 254]
  [254 254 254]
  ...
  [254 254 254]
  [254 254 254]
  [254 254 254]]

 [[254 254 254]
  [254 254 254]
  [254 254 254]
  ...
  [254 254 254]
  [254 254 254]
  [254 254 254]]]"
2,Lamborghini,101.jpg,G:\Users\Alex\Desktop\Classes\CSE 498 - Computer Vision\Project\Outdated Dataset\Dataset\Lamborghini\101.jpg,Unknown,"[264, 264, 3]",0,Lamborghini,Unspecified,0,0,"[50, 10, 240, 250]","[[[254 254 254]
  [254 254 254]
  [254 254 254]
  ...
  [254 254 254]
  [254 254 254]
  [254 254 254]]

 [[  2   2   3]
  [  2   1   6]
  [  4   2   3]
  ...
  [  2   2   2]
  [  2   2   2]
  [  2   2   2]]

 [[  3   3   0]
  [  3   2   0]
  [  3   0   8]
  ...
  [  2   2   2]
  [  2   2   2]
  [  2   2   2]]

 ...

 [[  2   2   2]
  [  2   2   2]
  [  2   2   2]
  ...
  [  2   2   2]
  [  2   2   2]
  [  2   2   2]]

 [[  2   2   2]
  [  2   2   2]
  [  2   2   2]
  ...
  [  2   2   2]
  [  2   2   2]
  [  2   2   2]]

 [[  2   2   2]
  [  2   2   2]
  [  2   2   2]
  ...
  [  2   2   2]
  [  2   2   2]
  [  2   2   2]]]"
3,Lamborghini,103.jpg,G:\Users\Alex\Desktop\Classes\CSE 498 - Computer Vision\Project\Outdated Dataset\Dataset\Lamborghini\103.jpg,Unknown,"[1920, 1080, 3]",0,Lamborghini,Unspecified,0,0,"[550, 10, 1300, 1050]","[[[0 0 0]
  [0 0 0]
  [0 0 0]
  ...
  [0 0 0]
  [0 0 0]
  [0 0 0]]

 [[0 0 0]
  [0 0 0]
  [0 0 0]
  ...
  [0 0 0]
  [0 0 0]
  [0 0 0]]

 [[0 0 0]
  [0 0 0]
  [0 0 0]
  ...
  [0 0 0]
  [0 0 0]
  [0 0 0]]

 ...

 [[0 0 0]
  [0 0 0]
  [0 0 0]
  ...
  [0 0 0]
  [0 0 0]
  [0 0 0]]

 [[0 0 0]
  [0 0 0]
  [0 0 0]
  ...
  [0 0 0]
  [0 0 0]
  [0 0 0]]

 [[0 0 0]
  [0 0 0]
  [0 0 0]
  ...
  [0 0 0]
  [0 0 0]
  [0 0 0]]]"
4,Lamborghini,105.jpg,G:\Users\Alex\Desktop\Classes\CSE 498 - Computer Vision\Project\Outdated Dataset\Dataset\Lamborghini\105.jpg,Unknown,"[440, 440, 3]",0,Lamborghini,Unspecified,0,0,"[50, 0, 400, 440]","[[[3 3 3]
  [3 3 3]
  [3 3 3]
  ...
  [3 3 3]
  [3 3 3]
  [3 3 3]]

 [[3 3 3]
  [3 3 3]
  [2 2 2]
  ...
  [3 3 3]
  [3 3 3]
  [3 3 3]]

 [[4 2 6]
  [8 3 0]
  [8 3 5]
  ...
  [2 4 2]
  [5 2 4]
  [7 2 1]]

 ...

 [[3 3 3]
  [3 3 3]
  [3 3 3]
  ...
  [3 3 3]
  [3 3 3]
  [3 3 3]]

 [[3 3 3]
  [3 3 3]
  [3 3 3]
  ...
  [2 2 2]
  [3 3 3]
  [2 2 2]]

 [[3 3 3]
  [3 3 3]
  [3 3 3]
  ...
  [3 3 3]
  [3 3 3]
  [3 3 3]]]"
5,Lamborghini,106.jpg,G:\Users\Alex\Desktop\Classes\CSE 498 - Computer Vision\Project\Outdated Dataset\Dataset\Lamborghini\106.jpg,Unknown,"[800, 800, 3]",0,Lamborghini,Unspecified,0,0,"[200, 90, 600, 750]","[[[ 91  91  91]
  [ 91  91  91]
  [ 91  91  91]
  ...
  [ 21  12   1]
  [  2   4   8]
  [  0   0   0]]

 [[ 91  91  91]
  [ 91  91  91]
  [ 91  91  91]
  ...
  [138 115  48]
  [108  96  76]
  [  0   0   0]]

 [[ 91  91  91]
  [ 91  91  91]
  [ 91  91  91]
  ...
  [ 77  65  31]
  [131 109  50]
  [  4   1   0]]

 ...

 [[112 112 112]
  [112 112 112]
  [112 112 112]
  ...
  [109 109 109]
  [110 110 110]
  [110 110 110]]

 [[109 109 109]
  [109 109 109]
  [109 109 109]
  ...
  [110 110 110]
  [110 110 110]
  [110 110 110]]

 [[110 110 110]
  [109 109 109]
  [109 109 109]
  ...
  [114 114 114]
  [114 114 114]
  [114 114 114]]]"
6,Lamborghini,109.jpg,G:\Users\Alex\Desktop\Classes\CSE 498 - Computer Vision\Project\Outdated Dataset\Dataset\Lamborghini\109.jpg,Unknown,"[500, 500, 3]",0,Lamborghini,Unspecified,0,0,"[90, 90, 420, 480]","[[[210 173 137]
  [ 52  22   9]
  [ 34  19  19]
  ...
  [145 122  67]
  [253 254 231]
  [255 255 255]]

 [[ 19  13  17]
  [ 25  26  21]
  [  9   9   7]
  ...
  [113  81  55]
  [ 98  78  36]
  [253 255 237]]

 [[  7   6   2]
  [  7   1   0]
  [  9   8   6]
  ...
  [ 59  48  52]
  [167 131  96]
  [242 242 215]]

 ...

 [[255 255 255]
  [255 255 255]
  [255 255 255]
  ...
  [255 255 255]
  [255 255 255]
  [255 255 255]]

 [[255 255 255]
  [255 255 255]
  [255 255 255]
  ...
  [255 255 255]
  [255 255 255]
  [255 255 255]]

 [[255 255 255]
  [255 255 255]
  [255 255 255]
  ...
  [255 255 255]
  [255 255 255]
  [255 255 255]]]"
7,Lamborghini,110.jpg,G:\Users\Alex\Desktop\Classes\CSE 498 - Computer Vision\Project\Outdated Dataset\Dataset\Lamborghini\110.jpg,Unknown,"[900, 583, 3]",0,Lamborghini,Unspecified,0,0,"[280, 90, 620, 530]","[[[  0   0   0]
  [  0   1   6]
  [  8   2   0]
  ...
  [  9   5   0]
  [  2   2   2]
  [  0   0   0]]

 [[142 115  54]
  [185 146  62]
  [230 190 105]
  ...
  [231 204 124]
  [186 144  64]
  [157 132  62]]

 [[213 171  58]
  [225 171  54]
  [197 164  80]
  ...
  [186 157  86]
  [236 195  89]
  [249 211 101]]

 ...

 [[  0   0   0]
  [  0   0   0]
  [  0   0   0]
  ...
  [  0   0   0]
  [  0   0   0]
  [  0   0   0]]

 [[  0   0   0]
  [  0   0   0]
  [  0   0   0]
  ...
  [  0   0   0]
  [  0   0   0]
  [  0   0   0]]

 [[  0   0   0]
  [  0   0   0]
  [  0   0   0]
  ...
  [  0   0   0]
  [  0   0   0]
  [  0   0   0]]]"
8,Lamborghini,111.jpg,G:\Users\Alex\Desktop\Classes\CSE 498 - Computer Vision\Project\Outdated Dataset\Dataset\Lamborghini\111.jpg,Unknown,"[1280, 720, 3]",0,Lamborghini,Unspecified,0,0,"[450, 150, 820, 600]","[[[  1   1   1]
  [  1   1   1]
  [  1   1   1]
  ...
  [  1   1   1]
  [  1   1   1]
  [  1   1   1]]

 [[  1   1   1]
  [  1   1   1]
  [  1   2   7]
  ...
  [  2   2   2]
  [  1   0   5]
  [  1   1   1]]

 [[  1   1   1]
  [  5   0   1]
  [ 94  66  19]
  ...
  [246 192  44]
  [ 51  20   0]
  [  2   1   2]]

 ...

 [[  1   1   1]
  [  1   1   1]
  [  1   1   1]
  ...
  [  1   1   1]
  [  1   1   1]
  [  1   1   1]]

 [[  1   1   1]
  [  1   1   1]
  [  1   1   1]
  ...
  [  1   1   1]
  [  1   1   1]
  [  1   1   1]]

 [[  1   1   1]
  [  1   1   1]
  [  1   1   1]
  ...
  [  1   1   1]
  [  1   1   1]
  [  1   1   1]]]"
9,Lamborghini,112.jpg,G:\Users\Alex\Desktop\Classes\CSE 498 - Computer Vision\Project\Outdated Dataset\Dataset\Lamborghini\112.jpg,Unknown,"[600, 796, 3]",0,Lamborghini,Unspecified,0,0,"[90, 180, 550, 600]","[[[109 105  71]
  [195 154  67]
  [180 152  47]
  ...
  [106 108 104]
  [134 135 130]
  [166 167 162]]

 [[188 170  98]
  [211 176  80]
  [224 184  72]
  ...
  [ 83  66  26]
  [134 136 139]
  [149 151 146]]

 [[209 179  70]
  [204 178  83]
  [ 87  75  40]
  ...
  [179 144  44]
  [108  94  57]
  [154 155 150]]

 ...

 [[108 109 104]
  [ 99  98  94]
  [120 119 115]
  ...
  [100  99  97]
  [132 131 127]
  [100  99  95]]

 [[ 97  98  93]
  [ 90  89  85]
  [137 136 132]
  ...
  [ 87  86  84]
  [131 130 126]
  [ 94  93  89]]

 [[ 92  91  87]
  [ 94  93  89]
  [ 58  57  53]
  ...
  [ 96  95  93]
  [ 67  66  62]
  [119 118 114]]]"
10,Lamborghini,113.jpg,G:\Users\Alex\Desktop\Classes\CSE 498 - Computer Vision\Project\Outdated Dataset\Dataset\Lamborghini\113.jpg,Unknown,"[1920, 1080, 3]",0,Lamborghini,Unspecified,0,0,"[550, 100, 1350, 1000]","[[[ 76 105 113]
  [ 76 105 113]
  [ 76 105 113]
  ...
  [ 76 105 113]
  [ 76 105 113]
  [ 76 105 113]]

 [[ 76 105 113]
  [ 76 105 113]
  [ 76 105 113]
  ...
  [ 77 103 109]
  [ 76 105 113]
  [ 76 105 113]]

 [[ 76 105 113]
  [ 86 102 101]
  [198 138   2]
  ...
  [248 241 185]
  [201 138   5]
  [ 68  69  43]]

 ...

 [[ 76 105 113]
  [ 76 105 113]
  [ 76 105 113]
  ...
  [ 76 105 113]
  [ 76 105 113]
  [ 76 105 113]]

 [[ 76 105 113]
  [ 76 105 113]
  [ 76 105 113]
  ...
  [ 76 105 113]
  [ 76 105 113]
  [ 76 105 113]]

 [[ 76 105 113]
  [ 76 105 113]
  [ 76 105 113]
  ...
  [ 76 105 113]
  [ 76 105 113]
  [ 76 105 113]]]"
11,Lamborghini,114.jpg,G:\Users\Alex\Desktop\Classes\CSE 498 - Computer Vision\Project\Outdated Dataset\Dataset\Lamborghini\114.jpg,Unknown,"[821, 444, 3]",0,Lamborghini,Unspecified,0,0,"[250, 70, 550, 400]","[[[ 75  63  37]
  [ 60  50  15]
  [101  73  32]
  ...
  [ 67  53  24]
  [ 58  43  20]
  [ 52  42  17]]

 [[126  94  21]
  [208 159  55]
  [230 186  69]
  ...
  [ 64  48   9]
  [ 61  51  18]
  [ 52  42  14]]

 [[255 214 112]
  [222 172  49]
  [209 159  43]
  ...
  [214 165  54]
  [ 81  60  12]
  [ 55  42  14]]

 ...

 [[ 46  42  31]
  [ 69  66  51]
  [123 116  98]
  ...
  [101 100  96]
  [ 52  49  40]
  [106 101  82]]

 [[ 39  37  26]
  [ 30  26  15]
  [ 45  41  29]
  ...
  [ 38  35  27]
  [ 48  46  34]
  [ 22  20   8]]

 [[ 23  20  11]
  [ 27  24  14]
  [ 71  69  58]
  ...
  [ 22  21   8]
  [ 22  18   8]
  [ 23  20  13]]]"
12,Lamborghini,114.jpg,G:\Users\Alex\Desktop\Classes\CSE 498 - Computer Vision\Project\Outdated Dataset\Dataset\Lamborghini\114.jpg,Unknown,"[250, 250, 3]",0,Lamborghini,Unspecified,0,0,"[20, 0, 250, 250]","[[[ 11  11  11]
  [ 11  11  11]
  [ 11  11  11]
  ...
  [ 93  88  82]
  [ 25  23  11]
  [ 23  20  11]]

 [[ 17  17  17]
  [  7   7   7]
  [  8   8   8]
  ...
  [ 87  84  69]
  [ 48  46  34]
  [ 30  28  16]]

 [[ 14  14  14]
  [ 11  11  11]
  [ 14  14  14]
  ...
  [ 98  95  86]
  [ 34  30  19]
  [ 39  35  24]]

 ...

 [[  7   7   5]
  [  8  10   7]
  [  6  10   9]
  ...
  [ 68  54  17]
  [ 73  57  20]
  [ 79  60  19]]

 [[  9  10   5]
  [ 68  69  66]
  [108 109 111]
  ...
  [ 75  59  25]
  [ 79  65  28]
  [ 76  61  20]]

 [[ 16  17  11]
  [ 10  10   7]
  [  1   1   1]
  ...
  [ 67  57  21]
  [ 76  62  23]
  [ 76  61  20]]]"
13,Lamborghini,12.jpg,G:\Users\Alex\Desktop\Classes\CSE 498 - Computer Vision\Project\Outdated Dataset\Dataset\Lamborghini\12.jpg,Unknown,"[511, 356, 3]",0,Lamborghini,Unspecified,0,0,"[214, 124, 296, 225]","[[[1 1 1]
  [1 1 1]
  [1 1 1]
  ...
  [1 1 1]
  [1 1 1]
  [1 1 1]]

 [[1 1 1]
  [1 1 1]
  [1 1 1]
  ...
  [1 1 1]
  [1 1 1]
  [1 1 1]]

 [[1 1 1]
  [1 1 1]
  [1 1 1]
  ...
  [1 1 1]
  [1 1 1]
  [1 1 1]]

 ...

 [[1 1 1]
  [1 1 1]
  [1 1 1]
  ...
  [1 1 1]
  [1 1 1]
  [1 1 1]]

 [[1 1 1]
  [1 1 1]
  [1 1 1]
  ...
  [1 1 1]
  [1 1 1]
  [1 1 1]]

 [[1 1 1]
  [1 1 1]
  [1 1 1]
  ...
  [1 1 1]
  [1 1 1]
  [1 1 1]]]"
14,Lamborghini,13.jpg,G:\Users\Alex\Desktop\Classes\CSE 498 - Computer Vision\Project\Outdated Dataset\Dataset\Lamborghini\13.jpg,Unknown,"[512, 399, 3]",0,Lamborghini,Unspecified,0,0,"[181, 101, 343, 269]","[[[52 52 50]
  [54 54 52]
  [57 57 55]
  ...
  [51 51 49]
  [48 48 46]
  [47 47 45]]

 [[55 55 53]
  [57 57 55]
  [60 60 58]
  ...
  [51 51 50]
  [51 51 48]
  [48 48 46]]

 [[58 58 56]
  [59 59 57]
  [62 62 60]
  ...
  [54 54 52]
  [52 52 50]
  [49 49 47]]

 ...

 [[61 62 57]
  [64 65 60]
  [67 68 63]
  ...
  [57 57 55]
  [55 55 53]
  [52 52 50]]

 [[57 57 52]
  [60 61 56]
  [64 65 60]
  ...
  [55 55 53]
  [53 53 51]
  [51 51 48]]

 [[53 54 49]
  [57 58 53]
  [61 62 57]
  ...
  [52 52 50]
  [51 51 49]
  [48 48 46]]]"
15,Lamborghini,15.jpg,G:\Users\Alex\Desktop\Classes\CSE 498 - Computer Vision\Project\Outdated Dataset\Dataset\Lamborghini\15.jpg,Unknown,"[510, 388, 3]",0,Lamborghini,Unspecified,0,0,"[205, 132, 307, 241]","[[[ 64  64  73]
  [ 65  63  78]
  [ 68  65  82]
  ...
  [ 55  57  55]
  [ 52  54  55]
  [ 50  51  56]]

 [[ 70  70  71]
  [ 73  71  78]
  [ 77  72  83]
  ...
  [ 55  60  62]
  [ 53  58  61]
  [ 54  55  60]]

 [[ 78  80  69]
  [ 81  79  70]
  [ 82  77  74]
  ...
  [ 58  62  71]
  [ 53  55  64]
  [ 55  56  61]]

 ...

 [[150 150 148]
  [157 157 153]
  [162 163 157]
  ...
  [157 157 157]
  [153 153 153]
  [149 149 149]]

 [[139 139 137]
  [145 146 140]
  [150 151 145]
  ...
  [150 150 150]
  [146 146 146]
  [141 141 141]]

 [[130 130 130]
  [136 136 132]
  [140 142 134]
  ...
  [144 144 141]
  [140 141 139]
  [138 138 138]]]"
16,Lamborghini,17.jpg,G:\Users\Alex\Desktop\Classes\CSE 498 - Computer Vision\Project\Outdated Dataset\Dataset\Lamborghini\17.jpg,Unknown,"[486, 382, 3]",0,Lamborghini,Unspecified,0,0,"[130, 21, 381, 213]","[[[  0   0   0]
  [  0   4   3]
  [  2   8   6]
  ...
  [  1   0   1]
  [  2   1   1]
  [  0   1   0]]

 [[  0   0   0]
  [  0   4   3]
  [  0   3   1]
  ...
  [  7   1   2]
  [  2   1   0]
  [  1   2   4]]

 [[  0   0   0]
  [  0   1   0]
  [  4  10   8]
  ...
  [ 10   2   0]
  [  7   3   2]
  [  0   4   5]]

 ...

 [[  0   0   0]
  [  0   0   0]
  [  0   0   0]
  ...
  [ 22  17   0]
  [ 22  20   0]
  [ 27  25   8]]

 [[  3   3   3]
  [  3   3   3]
  [  3   3   3]
  ...
  [174  78  71]
  [155  67  65]
  [125  46  51]]

 [[ 41   4   6]
  [ 48   6   8]
  [ 55  11  11]
  ...
  [252  42   0]
  [241  51   8]
  [213  56  12]]]"
17,Lamborghini,18.jpg,G:\Users\Alex\Desktop\Classes\CSE 498 - Computer Vision\Project\Outdated Dataset\Dataset\Lamborghini\18.jpg,Unknown,"[389, 510, 3]",0,Lamborghini,Unspecified,0,0,"[27, 46, 361, 467]","[[[ 13  17  48]
  [ 13  17  54]
  [ 13  15  45]
  ...
  [ 13  14  56]
  [ 11  17  53]
  [ 10  16  50]]

 [[ 18  21  52]
  [ 58  44  67]
  [172 163  45]
  ...
  [ 13  14  60]
  [  2  19  28]
  [ 13  16  46]]

 [[116 106  72]
  [146 148 101]
  [ 50  50 110]
  ...
  [114  89  51]
  [100  74  46]
  [ 14   6  36]]

 ...

 [[ 14  18  47]
  [ 13  17  46]
  [ 12  16  45]
  ...
  [  6   3  30]
  [  7   4  33]
  [  3   3  31]]

 [[ 12  15  46]
  [ 12  16  45]
  [ 12  16  45]
  ...
  [  5   5  29]
  [  5   5  29]
  [  4   4  32]]

 [[ 12  15  46]
  [ 13  17  46]
  [ 11  15  44]
  ...
  [  4   4  28]
  [  4   4  28]
  [  5   5  33]]]"
18,Lamborghini,19.jpg,G:\Users\Alex\Desktop\Classes\CSE 498 - Computer Vision\Project\Outdated Dataset\Dataset\Lamborghini\19.jpg,Unknown,"[378, 488, 3]",0,Lamborghini,Unspecified,0,0,"[57, 133, 327, 362]","[[[ 42  34  15]
  [ 51  39  21]
  [ 44  27  27]
  ...
  [ 45  30   7]
  [ 63  49  27]
  [ 40  32  11]]

 [[ 55  41  13]
  [ 61  31   1]
  [139 112  50]
  ...
  [ 60  46   1]
  [ 47  29   7]
  [ 52  40  17]]

 [[ 79  56   0]
  [228 200 110]
  [255 211 102]
  ...
  [254 252 126]
  [108  87  18]
  [ 53  43  22]]

 ...

 [[ 34  34  34]
  [ 18  18  18]
  [ 26  26  26]
  ...
  [ 36  36  36]
  [ 21  21  21]
  [ 34  34  34]]

 [[ 20  20  20]
  [ 34  34  34]
  [ 27  27  27]
  ...
  [ 26  26  26]
  [ 35  35  35]
  [ 21  21  21]]

 [[ 29  29  29]
  [ 23  23  23]
  [ 26  26  26]
  ...
  [ 26  26  26]
  [ 23  23  23]
  [ 28  28  28]]]"
19,Lamborghini,20.jpg,G:\Users\Alex\Desktop\Classes\CSE 498 - Computer Vision\Project\Outdated Dataset\Dataset\Lamborghini\20.jpg,Unknown,"[510, 375, 3]",0,Lamborghini,Unspecified,0,0,"[186, 158, 308, 268]","[[[102 102 102]
  [102 102 102]
  [101 101 100]
  ...
  [ 15  16  11]
  [ 15  15  14]
  [ 18  18  18]]

 [[104 104 104]
  [104 104 104]
  [101 105 101]
  ...
  [ 15  14  19]
  [ 15  15  16]
  [ 16  16  16]]

 [[106 106 106]
  [107 107 107]
  [104 108 102]
  ...
  [ 12  14   9]
  [ 14  14  13]
  [ 14  14  14]]

 ...

 [[150 149 147]
  [155 154 152]
  [155 154 152]
  ...
  [ 62  62  62]
  [ 63  63  61]
  [ 56  56  54]]

 [[142 142 139]
  [154 153 151]
  [156 155 153]
  ...
  [ 48  48  46]
  [ 48  48  46]
  [ 50  50  48]]

 [[134 133 131]
  [137 136 134]
  [134 133 131]
  ...
  [ 45  46  40]
  [ 46  46  43]
  [ 48  48  46]]]"
20,Lamborghini,21.jpg,G:\Users\Alex\Desktop\Classes\CSE 498 - Computer Vision\Project\Outdated Dataset\Dataset\Lamborghini\21.jpg,Unknown,"[513, 397, 3]",0,Lamborghini,Unspecified,0,0,"[276, 99, 411, 282]","[[[ 32  26   2]
  [ 30  25   1]
  [ 32  29   4]
  ...
  [ 31  26   3]
  [ 29  27   3]
  [ 29  25   2]]

 [[ 31  24   5]
  [ 24  18   1]
  [ 28  24   4]
  ...
  [ 32  28   1]
  [ 30  29   1]
  [ 33  29   2]]

 [[ 32  25   9]
  [ 40  34  18]
  [ 34  29  12]
  ...
  [ 32  28   0]
  [ 30  29   0]
  [ 33  29   1]]

 ...

 [[ 28  27   5]
  [ 24  27   9]
  [ 26  27   7]
  ...
  [161 137  11]
  [163 137  19]
  [167 138  25]]

 [[ 27  22  16]
  [ 25  23  18]
  [ 26  23  16]
  ...
  [ 61  32  16]
  [ 81  54  15]
  [104  81  10]]

 [[ 40  27   0]
  [ 37  26   1]
  [ 34  27   5]
  ...
  [ 29  19   0]
  [ 28  16   4]
  [ 31  16  11]]]"
21,Lamborghini,23.jpg,G:\Users\Alex\Desktop\Classes\CSE 498 - Computer Vision\Project\Outdated Dataset\Dataset\Lamborghini\23.jpg,Unknown,"[504, 387, 3]",0,Lamborghini,Unspecified,0,0,"[199, 65, 312, 247]","[[[118  85   4]
  [  2   4  11]
  [  0   0   2]
  ...
  [148 133  32]
  [ 15   5  14]
  [ 24  30  19]]

 [[118  85   4]
  [  2   4  11]
  [  0   0   2]
  ...
  [148 133  32]
  [ 15   5  14]
  [ 24  30  19]]

 [[119  85   4]
  [  3   7  14]
  [  1   2   4]
  ...
  [150 135  34]
  [ 18   8  17]
  [ 25  30  19]]

 ...

 [[121  89   5]
  [  3   3  12]
  [  2   3   5]
  ...
  [148 139  29]
  [ 25  21  24]
  [ 30  38  27]]

 [[122  85   5]
  [  3   3  12]
  [  0   6   6]
  ...
  [153 140  39]
  [ 21  14  23]
  [ 31  39  26]]

 [[125  87   6]
  [ 20  27  35]
  [128 134 134]
  ...
  [146 132  31]
  [ 24  18  26]
  [ 29  36  25]]]"
22,Lamborghini,24.jpg,G:\Users\Alex\Desktop\Classes\CSE 498 - Computer Vision\Project\Outdated Dataset\Dataset\Lamborghini\24.jpg,Unknown,"[370, 515, 3]",0,Lamborghini,Unspecified,0,0,"[16, 15, 364, 504]","[[[  0   0   0]
  [  0   0   0]
  [  0   0   0]
  ...
  [  0   0   0]
  [  0   0   0]
  [  1   1   1]]

 [[  0   0   0]
  [  0   0   0]
  [  0   0   0]
  ...
  [  0   0   0]
  [  0   0   0]
  [  1   1   1]]

 [[  0   0   0]
  [  0   0   0]
  [  0   0   0]
  ...
  [  0   0   0]
  [  0   0   0]
  [  1   1   1]]

 ...

 [[ 79  34  18]
  [121  49  19]
  [107  30   4]
  ...
  [  0   0   0]
  [  0   0   0]
  [  0   0   0]]

 [[151 102  62]
  [142  70  11]
  [119  48  24]
  ...
  [  0   0   0]
  [  0   0   0]
  [  1   1   1]]

 [[ 18   1   0]
  [197 138  94]
  [217 125  46]
  ...
  [  0   0   0]
  [  0   0   0]
  [  1   1   1]]]"
23,Lamborghini,25.jpg,G:\Users\Alex\Desktop\Classes\CSE 498 - Computer Vision\Project\Outdated Dataset\Dataset\Lamborghini\25.jpg,Unknown,"[516, 396, 3]",0,Lamborghini,Unspecified,0,0,"[163, 30, 368, 260]","[[[ 30  32  31]
  [ 26  28  27]
  [ 31  33  33]
  ...
  [ 31  31  31]
  [ 31  31  32]
  [ 29  30  30]]

 [[ 25  27  26]
  [ 31  33  32]
  [ 33  36  34]
  ...
  [ 29  29  29]
  [ 26  26  26]
  [ 30  30  30]]

 [[ 28  29  33]
  [ 22  23  27]
  [ 37  38  42]
  ...
  [ 38  38  38]
  [ 22  22  22]
  [ 20  20  20]]

 ...

 [[246 140  28]
  [239 135  39]
  [237 121  28]
  ...
  [ 34  35  40]
  [ 34  35  40]
  [ 34  35  40]]

 [[255 129  36]
  [251 133  43]
  [254 133  32]
  ...
  [ 34  35  40]
  [ 34  35  40]
  [ 34  35  40]]

 [[233  99  15]
  [234 129  39]
  [250 133  28]
  ...
  [ 36  37  42]
  [ 34  35  40]
  [ 34  35  40]]]"
24,Lamborghini,27.jpg,G:\Users\Alex\Desktop\Classes\CSE 498 - Computer Vision\Project\Outdated Dataset\Dataset\Lamborghini\27.jpg,Unknown,"[514, 373, 3]",0,Lamborghini,Unspecified,0,0,"[97, 5, 398, 344]","[[[250 107   2]
  [248 110   0]
  [249 114   0]
  ...
  [237  92   0]
  [234  91   0]
  [237  89   3]]

 [[249 111   2]
  [248 114   0]
  [251 117   0]
  ...
  [239  95   0]
  [236  93   0]
  [239  91   3]]

 [[252 114   3]
  [254 119   3]
  [252 121   2]
  ...
  [243  99   3]
  [240  95   2]
  [239  94   4]]

 ...

 [[229  72   1]
  [230  73   2]
  [231  74   1]
  ...
  [210  54   3]
  [204  52   2]
  [201  49   2]]

 [[224  67   0]
  [226  68   2]
  [226  68   1]
  ...
  [206  49   5]
  [196  47   3]
  [193  44   2]]

 [[217  62   0]
  [220  65   1]
  [220  65   0]
  ...
  [196  40   0]
  [191  38   0]
  [191  37   1]]]"
25,Lamborghini,28.jpg,G:\Users\Alex\Desktop\Classes\CSE 498 - Computer Vision\Project\Outdated Dataset\Dataset\Lamborghini\28.jpg,Unknown,"[513, 363, 3]",0,Lamborghini,Unspecified,0,0,"[170, 31, 374, 256]","[[[20 20 48]
  [22 22 49]
  [23 23 49]
  ...
  [13 13 37]
  [11 11 37]
  [10 10 38]]

 [[23 23 49]
  [25 25 50]
  [26 26 50]
  ...
  [16 16 40]
  [15 15 40]
  [13 13 41]]

 [[27 27 51]
  [28 29 51]
  [29 30 51]
  ...
  [19 19 43]
  [17 17 43]
  [16 16 44]]

 ...

 [[76 76 86]
  [78 78 88]
  [81 81 91]
  ...
  [60 59 77]
  [57 56 74]
  [53 52 70]]

 [[71 71 83]
  [74 74 87]
  [79 79 91]
  ...
  [58 57 75]
  [54 53 71]
  [49 48 66]]

 [[66 65 79]
  [69 68 82]
  [72 71 85]
  ...
  [53 52 70]
  [49 48 66]
  [44 43 61]]]"
26,Lamborghini,29.jpg,G:\Users\Alex\Desktop\Classes\CSE 498 - Computer Vision\Project\Outdated Dataset\Dataset\Lamborghini\29.jpg,Unknown,"[514, 385, 1]",0,Lamborghini,Unspecified,0,0,"[110, 20, 402, 382]","[[[255 255 255]
  [255 255 255]
  [255 255 255]
  ...
  [255 255 255]
  [255 255 255]
  [255 255 255]]

 [[255 255 255]
  [255 255 255]
  [255 255 255]
  ...
  [255 255 255]
  [255 255 255]
  [255 255 255]]

 [[255 255 255]
  [255 255 255]
  [255 255 255]
  ...
  [255 255 255]
  [255 255 255]
  [255 255 255]]

 ...

 [[235 235 235]
  [238 238 238]
  [253 253 253]
  ...
  [255 255 255]
  [255 255 255]
  [255 255 255]]

 [[255 255 255]
  [255 255 255]
  [255 255 255]
  ...
  [255 255 255]
  [255 255 255]
  [255 255 255]]

 [[255 255 255]
  [255 255 255]
  [255 255 255]
  ...
  [255 255 255]
  [255 255 255]
  [255 255 255]]]"
27,Lamborghini,3.jpg,G:\Users\Alex\Desktop\Classes\CSE 498 - Computer Vision\Project\Outdated Dataset\Dataset\Lamborghini\3.jpg,Unknown,"[499, 382, 3]",0,Lamborghini,Unspecified,1,0,"[190, 150, 413, 382]","[[[229 229 229]
  [229 229 229]
  [229 229 229]
  ...
  [219 219 219]
  [217 217 217]
  [217 217 217]]

 [[229 229 229]
  [229 229 229]
  [229 229 229]
  ...
  [219 219 219]
  [217 217 217]
  [217 217 217]]

 [[229 229 229]
  [229 229 229]
  [229 229 229]
  ...
  [219 219 219]
  [217 217 217]
  [217 217 217]]

 ...

 [[234 234 234]
  [235 235 235]
  [234 234 234]
  ...
  [189 189 191]
  [189 188 193]
  [189 188 194]]

 [[233 233 233]
  [233 233 233]
  [232 232 232]
  ...
  [187 187 189]
  [187 186 191]
  [188 187 193]]

 [[232 232 232]
  [232 232 232]
  [232 232 232]
  ...
  [186 186 188]
  [184 183 188]
  [183 183 188]]]"
28,Lamborghini,32.jpg,G:\Users\Alex\Desktop\Classes\CSE 498 - Computer Vision\Project\Outdated Dataset\Dataset\Lamborghini\32.jpg,Unknown,"[496, 362, 3]",0,Lamborghini,Unspecified,0,0,"[139, 60, 378, 296]","[[[0 0 0]
  [0 0 0]
  [0 0 0]
  ...
  [0 0 0]
  [0 0 0]
  [0 0 0]]

 [[0 0 0]
  [0 0 0]
  [0 0 0]
  ...
  [0 0 0]
  [0 0 0]
  [0 0 0]]

 [[0 0 0]
  [0 0 0]
  [0 0 0]
  ...
  [0 0 0]
  [0 0 0]
  [0 0 0]]

 ...

 [[0 0 0]
  [0 0 0]
  [0 0 0]
  ...
  [0 0 0]
  [0 0 0]
  [0 0 0]]

 [[0 0 0]
  [0 0 0]
  [0 0 0]
  ...
  [0 0 0]
  [0 0 0]
  [0 0 0]]

 [[0 0 0]
  [0 0 0]
  [0 0 0]
  ...
  [0 0 0]
  [0 0 0]
  [0 0 0]]]"
29,Lamborghini,35.jpg,G:\Users\Alex\Desktop\Classes\CSE 498 - Computer Vision\Project\Outdated Dataset\Dataset\Lamborghini\35.jpg,Unknown,"[491, 399, 3]",0,Lamborghini,Unspecified,0,0,"[14, 3, 478, 396]","[[[3 3 3]
  [3 3 3]
  [3 3 3]
  ...
  [3 3 3]
  [3 3 3]
  [3 3 3]]

 [[3 3 3]
  [3 3 3]
  [3 3 3]
  ...
  [3 3 3]
  [3 3 3]
  [3 3 3]]

 [[3 3 3]
  [3 3 3]
  [3 3 1]
  ...
  [3 3 3]
  [3 3 3]
  [3 3 3]]

 ...

 [[3 3 3]
  [3 3 3]
  [3 3 3]
  ...
  [3 3 3]
  [3 3 3]
  [3 3 3]]

 [[3 3 3]
  [3 3 3]
  [3 3 3]
  ...
  [3 3 3]
  [3 3 3]
  [3 3 3]]

 [[3 3 3]
  [3 3 3]
  [3 3 3]
  ...
  [3 3 3]
  [3 3 3]
  [3 3 3]]]"
30,Lamborghini,36.jpg,G:\Users\Alex\Desktop\Classes\CSE 498 - Computer Vision\Project\Outdated Dataset\Dataset\Lamborghini\36.jpg,Unknown,"[500, 353, 3]",0,Lamborghini,Unspecified,1,0,"[303, 11, 500, 213]","[[[57 44  9]
  [61 49 11]
  [67 52 13]
  ...
  [64 50 13]
  [59 46 10]
  [55 41 12]]

 [[60 48  8]
  [65 51 12]
  [69 54 12]
  ...
  [67 54 14]
  [62 50 12]
  [59 46 11]]

 [[65 51 13]
  [70 55 14]
  [77 60 17]
  ...
  [72 58 15]
  [67 53 13]
  [63 51 14]]

 ...

 [[31 26  6]
  [34 28  8]
  [39 31 10]
  ...
  [32 25  6]
  [27 21  5]
  [22 18  5]]

 [[35 30 10]
  [39 33 11]
  [42 34 11]
  ...
  [38 31 11]
  [33 28  8]
  [27 24  9]]

 [[42 34  5]
  [45 36  8]
  [46 38 10]
  ...
  [42 33  9]
  [37 28  6]
  [35 28  6]]]"
31,Lamborghini,40.jpg,G:\Users\Alex\Desktop\Classes\CSE 498 - Computer Vision\Project\Outdated Dataset\Dataset\Lamborghini\40.jpg,Unknown,"[516, 382, 3]",0,Lamborghini,Unspecified,0,0,"[195, 120, 344, 287]","[[[16 16 16]
  [16 16 16]
  [17 17 17]
  ...
  [14 14 14]
  [14 14 14]
  [14 14 14]]

 [[16 16 16]
  [16 16 16]
  [17 17 17]
  ...
  [14 14 14]
  [14 14 14]
  [14 14 14]]

 [[16 16 16]
  [16 16 16]
  [16 16 16]
  ...
  [14 14 14]
  [14 14 14]
  [14 14 14]]

 ...

 [[42 42 42]
  [35 35 35]
  [17 17 17]
  ...
  [19 19 19]
  [17 17 17]
  [17 17 17]]

 [[10 10 10]
  [ 4  4  4]
  [27 27 27]
  ...
  [13 13 13]
  [10 10 10]
  [16 16 16]]

 [[14 14 14]
  [26 26 26]
  [22 22 22]
  ...
  [17 17 17]
  [22 22 22]
  [14 14 14]]]"
32,Lamborghini,41.jpg,G:\Users\Alex\Desktop\Classes\CSE 498 - Computer Vision\Project\Outdated Dataset\Dataset\Lamborghini\41.jpg,Unknown,"[521, 396, 3]",0,Lamborghini,Unspecified,0,0,"[117, 125, 347, 297]","[[[ 6  6  6]
  [10 10 10]
  [13 13 13]
  ...
  [19 19 19]
  [16 16 16]
  [51 51 51]]

 [[21 21 21]
  [19 19 19]
  [15 15 15]
  ...
  [13 13 13]
  [ 6  6  6]
  [15 15 15]]

 [[12 12 12]
  [25 25 25]
  [18 18 18]
  ...
  [19 19 19]
  [17 17 17]
  [30 30 30]]

 ...

 [[ 6  6  6]
  [ 1  1  2]
  [14 14 14]
  ...
  [ 8  8  8]
  [16 16 16]
  [ 6  6  6]]

 [[ 5  5  5]
  [ 5  5  5]
  [ 9  9  9]
  ...
  [ 3  3  3]
  [ 7  7  7]
  [ 7  7  7]]

 [[18 18 18]
  [15 15 15]
  [ 2  2  2]
  ...
  [ 6  6  6]
  [ 6  6  6]
  [ 4  4  4]]]"
33,Lamborghini,42.jpg,G:\Users\Alex\Desktop\Classes\CSE 498 - Computer Vision\Project\Outdated Dataset\Dataset\Lamborghini\42.jpg,Unknown,"[508, 381, 3]",0,Lamborghini,Unspecified,0,0,"[149, 37, 392, 380]","[[[ 77  77  87]
  [ 79  79  89]
  [ 86  84  95]
  ...
  [ 99  99 109]
  [ 98  98 108]
  [ 95  95 105]]

 [[ 74  74  84]
  [ 74  74  84]
  [ 83  81  92]
  ...
  [100 100 110]
  [ 98  98 108]
  [ 95  95 105]]

 [[ 75  75  83]
  [ 74  74  82]
  [ 76  79  84]
  ...
  [ 99  99 109]
  [ 97  97 107]
  [ 94  94 104]]

 ...

 [[ 71  71  81]
  [ 80  80  90]
  [ 76  77  82]
  ...
  [ 43  44  49]
  [ 48  49  54]
  [ 54  55  60]]

 [[ 76  76  86]
  [ 76  76  86]
  [ 76  77  82]
  ...
  [ 53  54  59]
  [ 45  46  51]
  [ 32  33  38]]

 [[ 76  76  86]
  [ 76  76  86]
  [ 76  77  82]
  ...
  [ 48  49  54]
  [ 50  50  56]
  [ 53  54  59]]]"
34,Lamborghini,43.jpg,G:\Users\Alex\Desktop\Classes\CSE 498 - Computer Vision\Project\Outdated Dataset\Dataset\Lamborghini\43.jpg,Unknown,"[481, 389, 3]",0,Lamborghini,Unspecified,0,0,"[94, 65, 435, 363]","[[[11 11 13]
  [11 11 13]
  [11 11 13]
  ...
  [ 7  7  9]
  [12 12 14]
  [ 3  3  5]]

 [[11 11 13]
  [11 11 13]
  [11 11 13]
  ...
  [ 7  7  9]
  [12 12 14]
  [ 3  3  5]]

 [[10 11 13]
  [10 11 13]
  [10 11 13]
  ...
  [ 7  7  9]
  [12 12 13]
  [ 3  3  5]]

 ...

 [[11 11 13]
  [11 11 13]
  [11 11 13]
  ...
  [ 9  9 11]
  [13 13 15]
  [ 4  4  6]]

 [[10 10 12]
  [10 10 12]
  [10 10 12]
  ...
  [ 7  7  9]
  [12 12 14]
  [ 3  3  5]]

 [[10 10 12]
  [10 10 12]
  [10 10 12]
  ...
  [ 7  7  9]
  [12 12 14]
  [ 3  3  5]]]"
35,Lamborghini,44.jpg,G:\Users\Alex\Desktop\Classes\CSE 498 - Computer Vision\Project\Outdated Dataset\Dataset\Lamborghini\44.jpg,Unknown,"[504, 363, 3]",0,Lamborghini,Unspecified,0,0,"[15, 79, 470, 305]","[[[ 0  0  0]
  [ 0  0  0]
  [ 0  0  0]
  ...
  [36 45 40]
  [34 39 35]
  [32 41 36]]

 [[ 0  0  0]
  [ 0  0  0]
  [ 0  0  0]
  ...
  [32 41 36]
  [36 41 37]
  [32 41 36]]

 [[ 0  0  0]
  [ 0  0  0]
  [ 0  0  0]
  ...
  [32 41 36]
  [38 43 39]
  [34 43 38]]

 ...

 [[23 28 24]
  [23 28 24]
  [26 31 27]
  ...
  [49 55 45]
  [48 54 44]
  [48 54 44]]

 [[23 28 24]
  [23 28 24]
  [27 32 28]
  ...
  [50 57 47]
  [48 54 45]
  [47 53 43]]

 [[23 28 24]
  [23 28 24]
  [27 32 28]
  ...
  [54 60 50]
  [50 56 46]
  [47 53 43]]]"
36,Lamborghini,45.jpg,G:\Users\Alex\Desktop\Classes\CSE 498 - Computer Vision\Project\Outdated Dataset\Dataset\Lamborghini\45.jpg,Unknown,"[492, 374, 3]",0,Lamborghini,Unspecified,0,0,"[121, 24, 386, 319]","[[[249 247 248]
  [249 247 248]
  [249 247 248]
  ...
  [251 249 250]
  [251 249 250]
  [251 249 250]]

 [[252 247 244]
  [252 247 244]
  [249 247 247]
  ...
  [251 250 246]
  [251 250 246]
  [251 250 246]]

 [[249 248 247]
  [249 248 246]
  [248 248 246]
  ...
  [251 249 254]
  [251 249 254]
  [251 249 254]]

 ...

 [[248 246 247]
  [248 246 247]
  [248 246 247]
  ...
  [249 247 248]
  [249 247 248]
  [249 247 248]]

 [[248 246 247]
  [248 246 247]
  [248 246 247]
  ...
  [249 247 248]
  [249 247 248]
  [249 247 248]]

 [[248 246 247]
  [248 246 247]
  [248 246 247]
  ...
  [249 247 248]
  [249 247 248]
  [249 247 248]]]"
37,Lamborghini,46.jpg,G:\Users\Alex\Desktop\Classes\CSE 498 - Computer Vision\Project\Outdated Dataset\Dataset\Lamborghini\46.jpg,Unknown,"[374, 488, 3]",0,Lamborghini,Unspecified,1,0,"[20, 83, 338, 488]","[[[252 226 211]
  [255 229 214]
  [254 228 211]
  ...
  [227 202 180]
  [225 200 178]
  [223 198 176]]

 [[252 227 207]
  [254 229 209]
  [253 227 210]
  ...
  [225 200 178]
  [224 199 177]
  [222 197 175]]

 [[254 228 211]
  [254 228 211]
  [253 227 210]
  ...
  [226 201 179]
  [224 199 177]
  [222 197 175]]

 ...

 [[155 138 130]
  [228 210 199]
  [205 193 181]
  ...
  [217 193 169]
  [214 190 166]
  [212 188 164]]

 [[ 73  61  53]
  [ 67  52  42]
  [ 86  74  63]
  ...
  [212 189 164]
  [210 186 162]
  [208 184 160]]

 [[219 205 183]
  [221 207 185]
  [222 207 187]
  ...
  [206 181 159]
  [205 181 155]
  [201 177 149]]]"
38,Lamborghini,47.jpg,G:\Users\Alex\Desktop\Classes\CSE 498 - Computer Vision\Project\Outdated Dataset\Dataset\Lamborghini\47.jpg,Unknown,"[483, 362, 3]",0,Lamborghini,Unspecified,0,0,"[128, 91, 372, 321]","[[[ 11  11  13]
  [ 11  11  13]
  [ 11  11  13]
  ...
  [ 11  11  13]
  [ 11  11  13]
  [ 11  10  15]]

 [[ 11  11  13]
  [ 11  11  13]
  [ 11  11  13]
  ...
  [ 11  11  13]
  [ 11  11  13]
  [ 11  10  15]]

 [[ 11  11  13]
  [ 11  11  13]
  [ 11  11  13]
  ...
  [ 11  11  13]
  [ 11  11  13]
  [ 11  10  15]]

 ...

 [[ 16  16  16]
  [ 16  16  16]
  [ 16  16  16]
  ...
  [ 20  20  20]
  [ 18  18  18]
  [ 16  16  16]]

 [[253 253 253]
  [253 253 253]
  [253 253 253]
  ...
  [253 253 253]
  [253 253 253]
  [253 253 253]]

 [[255 255 255]
  [255 255 255]
  [255 255 255]
  ...
  [255 255 255]
  [255 255 255]
  [255 255 255]]]"
39,Lamborghini,48.jpg,G:\Users\Alex\Desktop\Classes\CSE 498 - Computer Vision\Project\Outdated Dataset\Dataset\Lamborghini\48.jpg,Unknown,"[481, 391, 3]",0,Lamborghini,Unspecified,0,0,"[79, 127, 405, 315]","[[[202 202 202]
  [202 202 202]
  [202 202 202]
  ...
  [212 212 212]
  [212 212 212]
  [212 212 212]]

 [[202 202 202]
  [202 202 202]
  [202 202 202]
  ...
  [212 212 212]
  [212 212 212]
  [212 212 212]]

 [[202 202 202]
  [202 202 202]
  [202 202 202]
  ...
  [212 212 212]
  [212 212 212]
  [212 212 212]]

 ...

 [[202 202 202]
  [202 202 202]
  [202 202 202]
  ...
  [213 213 213]
  [212 212 212]
  [212 212 212]]

 [[202 202 202]
  [202 202 202]
  [202 202 202]
  ...
  [214 214 214]
  [212 212 212]
  [212 212 212]]

 [[202 202 202]
  [202 202 202]
  [202 202 202]
  ...
  [210 210 210]
  [211 211 211]
  [212 212 212]]]"
40,Lamborghini,50.jpg,G:\Users\Alex\Desktop\Classes\CSE 498 - Computer Vision\Project\Outdated Dataset\Dataset\Lamborghini\50.jpg,Unknown,"[496, 376, 3]",0,Lamborghini,Unspecified,0,0,"[179, 95, 304, 288]","[[[12 12 12]
  [14 14 14]
  [15 15 15]
  ...
  [24 24 24]
  [22 22 22]
  [20 20 20]]

 [[14 14 14]
  [15 15 15]
  [16 16 16]
  ...
  [26 26 26]
  [24 24 24]
  [23 23 23]]

 [[15 15 15]
  [17 17 17]
  [18 18 18]
  ...
  [25 25 25]
  [26 26 26]
  [23 23 23]]

 ...

 [[ 9  9  9]
  [10 10 10]
  [11 11 11]
  ...
  [20 20 20]
  [18 18 18]
  [16 16 16]]

 [[ 9  9  9]
  [ 9  9  9]
  [10 10 10]
  ...
  [18 18 18]
  [16 16 16]
  [15 15 15]]

 [[ 7  7  7]
  [ 8  8  8]
  [ 9  9  9]
  ...
  [17 17 17]
  [15 15 15]
  [13 13 13]]]"
41,Lamborghini,51.jpg,G:\Users\Alex\Desktop\Classes\CSE 498 - Computer Vision\Project\Outdated Dataset\Dataset\Lamborghini\51.jpg,Unknown,"[393, 494, 3]",0,Lamborghini,Unspecified,0,0,"[58, 85, 325, 369]","[[[42 41 21]
  [55 49 23]
  [60 54 28]
  ...
  [89 85 60]
  [83 77 59]
  [73 70 51]]

 [[36 36 12]
  [39 38 17]
  [54 53 32]
  ...
  [96 89 63]
  [93 85 66]
  [86 79 61]]

 [[32 32  5]
  [41 36  5]
  [53 47 14]
  ...
  [99 96 61]
  [94 90 56]
  [88 83 51]]

 ...

 [[17 17  5]
  [29 28  8]
  [64 62 41]
  ...
  [80 73 32]
  [86 80 50]
  [94 89 70]]

 [[27 27 15]
  [36 35 18]
  [43 40 21]
  ...
  [82 76 44]
  [78 74 47]
  [88 83 64]]

 [[66 66 54]
  [60 58 45]
  [49 46 30]
  ...
  [73 69 46]
  [64 62 39]
  [76 72 52]]]"
42,Lamborghini,52.jpg,G:\Users\Alex\Desktop\Classes\CSE 498 - Computer Vision\Project\Outdated Dataset\Dataset\Lamborghini\52.jpg,Unknown,"[508, 367, 3]",0,Lamborghini,Unspecified,0,0,"[98, 28, 389, 259]","[[[0 0 0]
  [0 0 0]
  [0 0 0]
  ...
  [1 1 1]
  [0 0 0]
  [0 0 0]]

 [[0 0 0]
  [0 0 0]
  [0 0 0]
  ...
  [1 0 0]
  [1 0 0]
  [0 0 0]]

 [[0 0 0]
  [0 0 0]
  [0 0 0]
  ...
  [3 1 2]
  [3 1 2]
  [1 1 1]]

 ...

 [[0 0 0]
  [0 0 0]
  [0 1 0]
  ...
  [0 0 0]
  [0 0 0]
  [0 0 0]]

 [[0 0 0]
  [0 0 0]
  [0 1 0]
  ...
  [0 0 0]
  [0 0 0]
  [0 0 0]]

 [[0 0 0]
  [0 0 0]
  [0 0 0]
  ...
  [0 0 0]
  [0 0 0]
  [0 0 0]]]"
43,Lamborghini,53.jpg,G:\Users\Alex\Desktop\Classes\CSE 498 - Computer Vision\Project\Outdated Dataset\Dataset\Lamborghini\53.jpg,Unknown,"[501, 387, 3]",0,Lamborghini,Unspecified,0,0,"[113, 37, 370, 340]","[[[ 30  31  25]
  [ 29  28  33]
  [ 26  25  28]
  ...
  [ 33  31  18]
  [ 26  25  23]
  [ 29  28  40]]

 [[ 26  30  30]
  [ 33  31  41]
  [ 27  24  14]
  ...
  [238 236 208]
  [165 165 136]
  [ 19  20   7]]

 [[ 31  33  32]
  [ 29  27  21]
  [225 220 199]
  ...
  [194 196 122]
  [248 230 220]
  [194 208 174]]

 ...

 [[ 47  47  47]
  [ 47  47  47]
  [ 47  47  47]
  ...
  [ 47  47  47]
  [ 47  47  47]
  [ 47  47  47]]

 [[ 46  46  46]
  [ 46  46  46]
  [ 46  46  46]
  ...
  [ 46  46  46]
  [ 46  46  46]
  [ 46  46  46]]

 [[ 46  46  46]
  [ 45  45  45]
  [ 45  45  45]
  ...
  [ 46  46  46]
  [ 46  46  46]
  [ 46  46  46]]]"
44,Lamborghini,55.jpg,G:\Users\Alex\Desktop\Classes\CSE 498 - Computer Vision\Project\Outdated Dataset\Dataset\Lamborghini\55.jpg,Unknown,"[514, 367, 3]",0,Lamborghini,Unspecified,0,0,"[174, 29, 326, 164]","[[[3 3 3]
  [0 0 0]
  [0 0 0]
  ...
  [0 0 0]
  [0 0 0]
  [0 0 0]]

 [[0 0 0]
  [0 0 0]
  [0 0 0]
  ...
  [1 2 0]
  [1 1 0]
  [1 1 0]]

 [[0 0 0]
  [0 0 0]
  [0 0 0]
  ...
  [1 1 1]
  [1 1 0]
  [1 1 1]]

 ...

 [[0 0 0]
  [0 0 0]
  [0 0 0]
  ...
  [0 0 0]
  [0 0 0]
  [0 0 0]]

 [[0 0 0]
  [0 0 0]
  [0 0 0]
  ...
  [0 0 0]
  [0 0 0]
  [1 1 1]]

 [[0 0 0]
  [0 0 0]
  [0 0 0]
  ...
  [0 0 0]
  [1 1 1]
  [2 2 2]]]"
45,Lamborghini,56.jpg,G:\Users\Alex\Desktop\Classes\CSE 498 - Computer Vision\Project\Outdated Dataset\Dataset\Lamborghini\56.jpg,Unknown,"[507, 362, 3]",0,Lamborghini,Unspecified,0,0,"[135, 48, 339, 299]","[[[207 150  21]
  [207 151  22]
  [210 152  23]
  ...
  [209 160  29]
  [210 160  29]
  [210 157  27]]

 [[207 150  21]
  [206 152  22]
  [211 154  25]
  ...
  [212 159  29]
  [214 158  29]
  [210 157  27]]

 [[207 150  21]
  [207 152  22]
  [210 153  24]
  ...
  [208 164  31]
  [209 162  30]
  [211 158  28]]

 ...

 [[184 110   5]
  [184 110   5]
  [183 108   6]
  ...
  [185 110   8]
  [185 110   8]
  [185 110   8]]

 [[183 110   7]
  [183 110   7]
  [183 110   5]
  ...
  [184 109   7]
  [184 109   7]
  [186 108   7]]

 [[184 109   7]
  [184 109   7]
  [184 109   7]
  ...
  [185 107   7]
  [185 107   7]
  [185 107   7]]]"
46,Lamborghini,57.jpg,G:\Users\Alex\Desktop\Classes\CSE 498 - Computer Vision\Project\Outdated Dataset\Dataset\Lamborghini\57.jpg,Unknown,"[487, 351, 3]",0,Lamborghini,Unspecified,0,0,"[96, 13, 406, 350]","[[[38 39 43]
  [38 39 43]
  [38 39 43]
  ...
  [38 39 43]
  [38 39 43]
  [38 39 43]]

 [[38 39 43]
  [38 39 43]
  [38 39 43]
  ...
  [38 39 43]
  [38 39 43]
  [38 39 43]]

 [[38 39 43]
  [38 39 43]
  [38 39 43]
  ...
  [38 39 43]
  [38 39 43]
  [38 39 43]]

 ...

 [[38 39 43]
  [38 39 43]
  [38 39 43]
  ...
  [38 39 43]
  [38 39 43]
  [38 39 43]]

 [[38 39 43]
  [38 39 43]
  [38 39 43]
  ...
  [38 39 43]
  [38 39 43]
  [38 39 43]]

 [[38 39 43]
  [38 39 43]
  [38 39 43]
  ...
  [38 39 43]
  [38 39 43]
  [38 39 43]]]"
47,Lamborghini,58.jpg,G:\Users\Alex\Desktop\Classes\CSE 498 - Computer Vision\Project\Outdated Dataset\Dataset\Lamborghini\58.jpg,Unknown,"[390, 523, 1]",0,Lamborghini,Unspecified,1,0,"[9, 40, 385, 523]","[[[3 3 3]
  [3 3 3]
  [3 3 3]
  ...
  [3 3 3]
  [3 3 3]
  [3 3 3]]

 [[3 3 3]
  [3 3 3]
  [3 3 3]
  ...
  [3 3 3]
  [3 3 3]
  [3 3 3]]

 [[3 3 3]
  [3 3 3]
  [2 2 2]
  ...
  [1 1 1]
  [3 3 3]
  [3 3 3]]

 ...

 [[3 3 3]
  [3 3 3]
  [3 3 3]
  ...
  [3 3 3]
  [3 3 3]
  [3 3 3]]

 [[3 3 3]
  [3 3 3]
  [3 3 3]
  ...
  [3 3 3]
  [3 3 3]
  [3 3 3]]

 [[3 3 3]
  [3 3 3]
  [3 3 3]
  ...
  [3 3 3]
  [3 3 3]
  [3 3 3]]]"
48,Lamborghini,59.jpg,G:\Users\Alex\Desktop\Classes\CSE 498 - Computer Vision\Project\Outdated Dataset\Dataset\Lamborghini\59.jpg,Unknown,"[381, 487, 3]",0,Lamborghini,Unspecified,0,0,"[98, 170, 305, 321]","[[[17 17 17]
  [15 17 16]
  [22 17 21]
  ...
  [17 17 15]
  [17 17 19]
  [17 16 21]]

 [[17 17 17]
  [16 18 13]
  [21 16 10]
  ...
  [17 17 15]
  [17 16 19]
  [17 16 22]]

 [[15 18  6]
  [14 21 25]
  [19 12 35]
  ...
  [17 17 17]
  [18 16 17]
  [20 16 17]]

 ...

 [[17 17 16]
  [16 18 13]
  [22 17 13]
  ...
  [16 16 16]
  [16 16 16]
  [16 16 16]]

 [[16 16 14]
  [15 18 13]
  [22 17 11]
  ...
  [16 16 16]
  [16 16 16]
  [16 16 16]]

 [[15 15 12]
  [15 18 11]
  [22 17 11]
  ...
  [16 16 16]
  [16 16 16]
  [16 16 16]]]"
49,Lamborghini,6.jpg,G:\Users\Alex\Desktop\Classes\CSE 498 - Computer Vision\Project\Outdated Dataset\Dataset\Lamborghini\6.jpg,Unknown,"[497, 354, 3]",0,Lamborghini,Unspecified,0,0,"[162, 68, 337, 269]","[[[255 255 255]
  [255 255 255]
  [255 255 255]
  ...
  [255 255 255]
  [255 255 255]
  [255 255 255]]

 [[255 255 255]
  [255 255 255]
  [255 255 255]
  ...
  [255 255 255]
  [255 255 255]
  [255 255 255]]

 [[255 255 255]
  [255 255 255]
  [255 255 255]
  ...
  [255 255 255]
  [255 255 255]
  [255 255 255]]

 ...

 [[255 255 255]
  [255 255 255]
  [255 255 255]
  ...
  [255 255 255]
  [255 255 255]
  [255 255 255]]

 [[255 255 255]
  [255 255 255]
  [255 255 255]
  ...
  [255 255 255]
  [255 255 255]
  [255 255 255]]

 [[255 255 255]
  [255 255 255]
  [255 255 255]
  ...
  [255 255 255]
  [255 255 255]
  [255 255 255]]]"
50,Lamborghini,60.jpg,G:\Users\Alex\Desktop\Classes\CSE 498 - Computer Vision\Project\Outdated Dataset\Dataset\Lamborghini\60.jpg,Unknown,"[523, 383, 1]",0,Lamborghini,Unspecified,1,0,"[94, 30, 411, 383]","[[[255 255 255]
  [255 255 255]
  [255 255 255]
  ...
  [255 255 255]
  [251 251 251]
  [252 252 252]]

 [[255 255 255]
  [255 255 255]
  [255 255 255]
  ...
  [236 236 236]
  [254 254 254]
  [249 249 249]]

 [[255 255 255]
  [255 255 255]
  [251 251 251]
  ...
  [  1   1   1]
  [  6   6   6]
  [102 102 102]]

 ...

 [[255 255 255]
  [255 255 255]
  [255 255 255]
  ...
  [255 255 255]
  [255 255 255]
  [255 255 255]]

 [[255 255 255]
  [255 255 255]
  [255 255 255]
  ...
  [255 255 255]
  [255 255 255]
  [255 255 255]]

 [[255 255 255]
  [255 255 255]
  [255 255 255]
  ...
  [255 255 255]
  [255 255 255]
  [255 255 255]]]"
51,Lamborghini,62.jpg,G:\Users\Alex\Desktop\Classes\CSE 498 - Computer Vision\Project\Outdated Dataset\Dataset\Lamborghini\62.jpg,Unknown,"[519, 380, 3]",0,Lamborghini,Unspecified,0,0,"[100, 26, 415, 362]","[[[255 255 255]
  [255 255 255]
  [255 255 255]
  ...
  [255 255 255]
  [255 255 255]
  [255 255 255]]

 [[255 255 255]
  [255 255 255]
  [255 255 255]
  ...
  [255 255 255]
  [255 255 255]
  [255 255 255]]

 [[255 255 255]
  [255 255 255]
  [255 255 255]
  ...
  [255 255 255]
  [255 255 255]
  [255 255 255]]

 ...

 [[255 255 255]
  [255 255 255]
  [255 255 255]
  ...
  [255 255 255]
  [255 255 255]
  [255 255 255]]

 [[255 255 255]
  [255 255 255]
  [255 255 255]
  ...
  [255 255 255]
  [255 255 255]
  [255 255 255]]

 [[255 255 255]
  [255 255 255]
  [255 255 255]
  ...
  [255 255 255]
  [255 255 255]
  [255 255 255]]]"
52,Lamborghini,63.jpg,G:\Users\Alex\Desktop\Classes\CSE 498 - Computer Vision\Project\Outdated Dataset\Dataset\Lamborghini\63.jpg,Unknown,"[522, 350, 3]",0,Lamborghini,Unspecified,0,0,"[178, 64, 353, 208]","[[[28 23 29]
  [28 23 29]
  [28 23 29]
  ...
  [25 25 25]
  [25 25 25]
  [25 25 25]]

 [[26 24 27]
  [26 24 27]
  [26 24 27]
  ...
  [25 25 25]
  [25 25 25]
  [25 25 25]]

 [[25 25 25]
  [25 25 25]
  [25 25 25]
  ...
  [25 25 25]
  [25 25 25]
  [25 25 25]]

 ...

 [[25 25 25]
  [25 25 25]
  [25 25 25]
  ...
  [25 25 25]
  [25 25 25]
  [25 25 25]]

 [[25 25 25]
  [25 25 25]
  [25 25 25]
  ...
  [25 25 25]
  [25 25 25]
  [25 25 25]]

 [[25 25 25]
  [25 25 25]
  [25 25 25]
  ...
  [25 25 25]
  [25 25 25]
  [25 25 25]]]"
53,Lamborghini,64.jpg,G:\Users\Alex\Desktop\Classes\CSE 498 - Computer Vision\Project\Outdated Dataset\Dataset\Lamborghini\64.jpg,Unknown,"[484, 350, 3]",0,Lamborghini,Unspecified,0,0,"[95, 16, 409, 320]","[[[248 246 247]
  [249 247 248]
  [249 247 248]
  ...
  [249 247 248]
  [249 247 248]
  [249 247 248]]

 [[247 245 246]
  [249 247 248]
  [249 247 248]
  ...
  [249 247 248]
  [249 247 248]
  [248 246 247]]

 [[249 247 248]
  [249 247 248]
  [249 247 248]
  ...
  [251 249 250]
  [251 249 250]
  [249 246 247]]

 ...

 [[248 246 247]
  [248 246 247]
  [248 246 247]
  ...
  [249 247 248]
  [249 247 248]
  [249 247 248]]

 [[248 246 247]
  [248 246 247]
  [248 246 247]
  ...
  [249 247 248]
  [249 247 248]
  [249 247 248]]

 [[248 246 247]
  [248 246 247]
  [248 246 247]
  ...
  [249 247 248]
  [249 247 248]
  [249 247 248]]]"
54,Lamborghini,65.jpg,G:\Users\Alex\Desktop\Classes\CSE 498 - Computer Vision\Project\Outdated Dataset\Dataset\Lamborghini\65.jpg,Unknown,"[376, 521, 3]",0,Lamborghini,Unspecified,0,0,"[139, 190, 372, 488]","[[[4 2 3]
  [4 2 3]
  [4 2 3]
  ...
  [4 2 3]
  [4 2 3]
  [4 2 3]]

 [[4 2 3]
  [4 2 3]
  [4 2 3]
  ...
  [4 2 3]
  [4 2 3]
  [4 2 3]]

 [[4 2 3]
  [4 2 3]
  [4 2 3]
  ...
  [4 2 3]
  [4 2 3]
  [4 2 3]]

 ...

 [[9 0 3]
  [5 1 8]
  [3 2 8]
  ...
  [4 2 3]
  [4 2 3]
  [4 2 3]]

 [[3 3 3]
  [5 2 1]
  [3 3 1]
  ...
  [4 2 3]
  [4 2 3]
  [4 2 3]]

 [[4 2 3]
  [4 3 1]
  [4 3 1]
  ...
  [4 2 3]
  [4 2 3]
  [4 2 3]]]"
55,Lamborghini,66.jpg,G:\Users\Alex\Desktop\Classes\CSE 498 - Computer Vision\Project\Outdated Dataset\Dataset\Lamborghini\66.jpg,Unknown,"[491, 363, 3]",0,Lamborghini,Unspecified,0,0,"[133, 41, 388, 338]","[[[0 0 0]
  [0 0 0]
  [0 0 0]
  ...
  [0 0 0]
  [0 0 0]
  [0 0 0]]

 [[0 0 0]
  [0 0 0]
  [0 1 0]
  ...
  [0 0 0]
  [0 0 0]
  [0 0 0]]

 [[0 0 0]
  [0 0 0]
  [3 1 0]
  ...
  [0 0 0]
  [0 0 0]
  [0 0 0]]

 ...

 [[0 0 0]
  [0 0 0]
  [0 0 0]
  ...
  [0 0 0]
  [0 0 0]
  [0 0 0]]

 [[0 0 0]
  [0 0 0]
  [0 0 0]
  ...
  [0 0 0]
  [0 0 0]
  [0 0 0]]

 [[0 0 0]
  [0 0 0]
  [0 0 0]
  ...
  [0 0 0]
  [0 0 0]
  [0 0 0]]]"
56,Lamborghini,67.jpg,G:\Users\Alex\Desktop\Classes\CSE 498 - Computer Vision\Project\Outdated Dataset\Dataset\Lamborghini\67.jpg,Unknown,"[523, 354, 3]",0,Lamborghini,Unspecified,0,0,"[147, 65, 384, 320]","[[[255 246 138]
  [255 245 137]
  [255 245 137]
  ...
  [249 214 112]
  [255 221 119]
  [250 215 113]]

 [[255 244 136]
  [255 246 138]
  [255 246 138]
  ...
  [255 220 118]
  [247 212 110]
  [251 216 114]]

 [[255 244 136]
  [255 244 136]
  [255 244 136]
  ...
  [251 216 114]
  [254 219 117]
  [250 215 113]]

 ...

 [[249 196 102]
  [252 199 105]
  [252 199 105]
  ...
  [254 195  95]
  [253 194  94]
  [244 185  85]]

 [[251 198 105]
  [253 200 106]
  [253 200 106]
  ...
  [252 193  93]
  [250 191  91]
  [249 190  90]]

 [[247 194 100]
  [253 200 106]
  [253 200 106]
  ...
  [250 191  91]
  [247 188  88]
  [250 191  91]]]"
57,Lamborghini,68.jpg,G:\Users\Alex\Desktop\Classes\CSE 498 - Computer Vision\Project\Outdated Dataset\Dataset\Lamborghini\68.jpg,Unknown,"[357, 492, 3]",0,Lamborghini,Unspecified,1,0,"[9, 62, 357, 468]","[[[246 231  89]
  [247 225  74]
  [236 211  50]
  ...
  [238 217  58]
  [235 216  72]
  [250 233  93]]

 [[218 186  19]
  [217 179  13]
  [211 169   3]
  ...
  [217 182   6]
  [216 186   8]
  [231 202  27]]

 [[204 165   0]
  [195 156   0]
  [199 158  14]
  ...
  [208 164   2]
  [214 170   0]
  [218 176   1]]

 ...

 [[229 200  20]
  [234 205  25]
  [233 204  24]
  ...
  [232 202  27]
  [232 202  27]
  [235 205  31]]

 [[230 201  22]
  [231 202  23]
  [233 204  25]
  ...
  [229 200  24]
  [229 199  23]
  [232 204  19]]

 [[232 202  25]
  [231 200  25]
  [233 203  28]
  ...
  [230 200  26]
  [233 203  27]
  [231 201  25]]]"
58,Lamborghini,7.jpg,G:\Users\Alex\Desktop\Classes\CSE 498 - Computer Vision\Project\Outdated Dataset\Dataset\Lamborghini\7.jpg,Unknown,"[496, 367, 3]",0,Lamborghini,Unspecified,0,0,"[64, 15, 421, 362]","[[[255 255 255]
  [255 255 255]
  [255 255 255]
  ...
  [255 255 255]
  [255 255 255]
  [255 255 255]]

 [[255 255 255]
  [255 255 255]
  [255 255 255]
  ...
  [255 255 255]
  [255 255 255]
  [255 255 255]]

 [[255 255 255]
  [252 252 252]
  [255 255 255]
  ...
  [255 255 255]
  [255 255 255]
  [255 255 255]]

 ...

 [[255 255 255]
  [255 255 255]
  [255 255 255]
  ...
  [255 255 255]
  [255 255 255]
  [255 255 255]]

 [[255 255 255]
  [255 255 255]
  [255 255 255]
  ...
  [255 255 255]
  [255 255 255]
  [255 255 255]]

 [[255 255 255]
  [255 255 255]
  [255 255 255]
  ...
  [255 255 255]
  [255 255 255]
  [255 255 255]]]"
59,Lamborghini,70.jpg,G:\Users\Alex\Desktop\Classes\CSE 498 - Computer Vision\Project\Outdated Dataset\Dataset\Lamborghini\70.jpg,Unknown,"[362, 511, 3]",0,Lamborghini,Unspecified,0,0,"[37, 101, 335, 380]","[[[107  88  29]
  [119 100  41]
  [124 104  44]
  ...
  [124 104  45]
  [109  90  32]
  [103  83  30]]

 [[112  93  34]
  [116  97  38]
  [125 105  42]
  ...
  [116  97  38]
  [110  91  33]
  [109  89  36]]

 [[121 101  40]
  [115  95  35]
  [123 103  40]
  ...
  [113  93  34]
  [115  94  36]
  [117  96  38]]

 ...

 [[144 124  52]
  [144 125  49]
  [148 125  53]
  ...
  [128 109  39]
  [131 110  43]
  [127 106  42]]

 [[139 119  50]
  [140 120  51]
  [144 120  50]
  ...
  [120 102  31]
  [122 103  34]
  [125 106  40]]

 [[134 114  45]
  [134 114  45]
  [138 117  46]
  ...
  [121 103  34]
  [116  97  31]
  [115  95  33]]]"
60,Lamborghini,71.jpg,G:\Users\Alex\Desktop\Classes\CSE 498 - Computer Vision\Project\Outdated Dataset\Dataset\Lamborghini\71.jpg,Unknown,"[506, 396, 3]",0,Lamborghini,Unspecified,0,0,"[51, 26, 443, 382]","[[[255 255 255]
  [255 255 255]
  [255 255 255]
  ...
  [255 255 255]
  [255 255 255]
  [255 255 255]]

 [[255 255 255]
  [255 255 255]
  [255 255 255]
  ...
  [255 255 255]
  [255 255 255]
  [255 255 255]]

 [[255 255 255]
  [255 255 255]
  [255 255 255]
  ...
  [255 255 255]
  [255 255 255]
  [255 255 255]]

 ...

 [[255 255 255]
  [255 255 255]
  [255 255 255]
  ...
  [255 255 255]
  [255 255 255]
  [255 255 255]]

 [[255 255 255]
  [255 255 255]
  [255 255 255]
  ...
  [255 255 255]
  [255 255 255]
  [255 255 255]]

 [[255 255 255]
  [255 255 255]
  [255 255 255]
  ...
  [255 255 255]
  [255 255 255]
  [255 255 255]]]"
61,Lamborghini,76.jpg,G:\Users\Alex\Desktop\Classes\CSE 498 - Computer Vision\Project\Outdated Dataset\Dataset\Lamborghini\76.jpg,Unknown,"[504, 394, 3]",0,Lamborghini,Unspecified,0,0,"[157, 104, 354, 316]","[[[161 167 167]
  [163 164 166]
  [163 164 166]
  ...
  [161 165 166]
  [161 165 166]
  [161 166 167]]

 [[157 166 165]
  [161 162 164]
  [161 162 164]
  ...
  [158 164 164]
  [158 164 164]
  [157 165 164]]

 [[156 162 162]
  [160 160 162]
  [160 160 162]
  ...
  [156 162 162]
  [157 163 163]
  [157 163 163]]

 ...

 [[ 61  72  74]
  [ 63  74  76]
  [ 63  74  76]
  ...
  [ 61  72  74]
  [ 61  72  74]
  [ 61  72  74]]

 [[ 59  70  72]
  [ 61  72  74]
  [ 61  72  74]
  ...
  [ 59  70  72]
  [ 59  70  72]
  [ 59  70  72]]

 [[ 58  69  71]
  [ 57  68  70]
  [ 57  68  70]
  ...
  [ 58  69  71]
  [ 58  69  71]
  [ 58  69  71]]]"
62,Lamborghini,78.jpg,G:\Users\Alex\Desktop\Classes\CSE 498 - Computer Vision\Project\Outdated Dataset\Dataset\Lamborghini\78.jpg,Unknown,"[504, 385, 3]",0,Lamborghini,Unspecified,1,0,"[127, 16, 388, 385]","[[[ 0  0  0]
  [ 0  0  0]
  [ 0  0  0]
  ...
  [ 0  0  0]
  [ 0  0  0]
  [ 0  0  0]]

 [[ 0  0  0]
  [ 0  0  0]
  [ 0  0  0]
  ...
  [ 0  0  0]
  [ 0  0  0]
  [ 0  0  0]]

 [[ 0  0  0]
  [ 0  0  0]
  [ 0  0  0]
  ...
  [ 0  0  0]
  [ 0  0  0]
  [ 0  0  0]]

 ...

 [[ 2  0  1]
  [ 3  2 11]
  [ 3  4  4]
  ...
  [ 0  0  0]
  [ 0  0  0]
  [ 0  0  0]]

 [[ 0  0  0]
  [ 0  0  0]
  [ 0  0  0]
  ...
  [ 0  0  0]
  [ 0  0  0]
  [ 0  0  0]]

 [[ 0  0  0]
  [ 0  0  0]
  [ 0  0  0]
  ...
  [ 0  0  0]
  [ 0  0  0]
  [ 0  0  0]]]"
63,Lamborghini,79.jpg,G:\Users\Alex\Desktop\Classes\CSE 498 - Computer Vision\Project\Outdated Dataset\Dataset\Lamborghini\79.jpg,Unknown,"[492, 386, 3]",0,Lamborghini,Unspecified,0,0,"[122, 75, 367, 313]","[[[10 10 10]
  [10 10 10]
  [10 10 10]
  ...
  [10 10 10]
  [10 10 10]
  [10 10 10]]

 [[10 10 10]
  [10 10 10]
  [10 10 10]
  ...
  [10 10 10]
  [10 10 10]
  [10 10 10]]

 [[10 10 10]
  [11  9 10]
  [11  9 10]
  ...
  [10 10 10]
  [10 10 10]
  [10 10 10]]

 ...

 [[10 10 10]
  [10 10 10]
  [10 10 10]
  ...
  [10 10 10]
  [10 10 10]
  [10 10 10]]

 [[10 10 10]
  [10 10 10]
  [10 10 10]
  ...
  [10 10 10]
  [10 10 10]
  [10 10 10]]

 [[10 10 10]
  [10 10 10]
  [10 10 10]
  ...
  [10 10 10]
  [10 10 10]
  [10 10 10]]]"
64,Lamborghini,8.jpg,G:\Users\Alex\Desktop\Classes\CSE 498 - Computer Vision\Project\Outdated Dataset\Dataset\Lamborghini\8.jpg,Unknown,"[488, 397, 3]",0,Lamborghini,Unspecified,0,0,"[150, 73, 331, 308]","[[[ 83  62   6]
  [ 83  62   5]
  [ 84  64   5]
  ...
  [ 82  61   8]
  [ 81  60   7]
  [ 79  58   5]]

 [[ 87  64   7]
  [ 89  66   7]
  [ 90  67   6]
  ...
  [ 88  64   7]
  [ 86  62   6]
  [ 83  61   5]]

 [[ 93  69   9]
  [ 95  69   8]
  [ 96  70   9]
  ...
  [ 93  67   8]
  [ 90  64   7]
  [ 86  63   6]]

 ...

 [[116  87  13]
  [121  89  12]
  [123  90  13]
  ...
  [114  83  10]
  [111  80   9]
  [110  79   9]]

 [[112  84  11]
  [114  85  10]
  [117  86  11]
  ...
  [110  82   9]
  [107  78   8]
  [106  77   9]]

 [[112  79  10]
  [113  80   9]
  [114  81  10]
  ...
  [110  77   8]
  [109  76   9]
  [106  72   7]]]"
65,Lamborghini,82.jpg,G:\Users\Alex\Desktop\Classes\CSE 498 - Computer Vision\Project\Outdated Dataset\Dataset\Lamborghini\82.jpg,Unknown,"[505, 368, 3]",0,Lamborghini,Unspecified,0,0,"[202, 62, 339, 287]","[[[255 210  65]
  [255 210  65]
  [254 209  68]
  ...
  [255 210  65]
  [255 210  65]
  [255 210  65]]

 [[255 210  66]
  [255 210  66]
  [254 209  68]
  ...
  [255 210  66]
  [255 210  66]
  [255 210  66]]

 [[255 210  69]
  [255 210  69]
  [255 210  69]
  ...
  [255 210  69]
  [255 210  69]
  [255 210  69]]

 ...

 [[253 203  46]
  [253 203  46]
  [253 203  46]
  ...
  [253 203  46]
  [253 203  46]
  [253 203  46]]

 [[255 202  44]
  [255 202  44]
  [255 202  44]
  ...
  [255 202  44]
  [255 202  44]
  [255 202  44]]

 [[255 200  41]
  [255 200  41]
  [255 200  41]
  ...
  [255 200  41]
  [255 200  41]
  [255 200  41]]]"
66,Lamborghini,83.jpg,G:\Users\Alex\Desktop\Classes\CSE 498 - Computer Vision\Project\Outdated Dataset\Dataset\Lamborghini\83.jpg,Unknown,"[484, 391, 3]",0,Lamborghini,Unspecified,0,0,"[107, 73, 371, 317]","[[[47 61 87]
  [47 61 88]
  [48 62 89]
  ...
  [39 55 78]
  [38 54 77]
  [37 53 76]]

 [[51 65 89]
  [48 64 93]
  [50 66 94]
  ...
  [40 58 77]
  [37 56 72]
  [37 53 75]]

 [[51 65 93]
  [50 66 91]
  [48 64 86]
  ...
  [42 59 75]
  [43 59 75]
  [43 58 80]]

 ...

 [[52 62 87]
  [53 63 88]
  [53 63 88]
  ...
  [49 60 78]
  [49 59 78]
  [47 58 76]]

 [[52 62 87]
  [51 61 86]
  [52 62 87]
  ...
  [49 60 78]
  [51 62 80]
  [50 61 79]]

 [[52 62 87]
  [52 62 87]
  [51 61 86]
  ...
  [49 60 78]
  [50 61 79]
  [49 60 78]]]"
67,Lamborghini,84.jpg,G:\Users\Alex\Desktop\Classes\CSE 498 - Computer Vision\Project\Outdated Dataset\Dataset\Lamborghini\84.jpg,Unknown,"[372, 504, 3]",0,Lamborghini,Unspecified,0,0,"[86, 78, 284, 296]","[[[0 0 0]
  [0 0 0]
  [0 0 0]
  ...
  [0 0 0]
  [0 0 0]
  [0 0 0]]

 [[0 0 0]
  [0 0 0]
  [0 0 0]
  ...
  [0 0 0]
  [0 0 0]
  [0 0 0]]

 [[0 0 0]
  [0 0 0]
  [0 0 0]
  ...
  [0 0 0]
  [0 0 0]
  [0 0 0]]

 ...

 [[0 0 0]
  [0 0 0]
  [0 0 0]
  ...
  [0 0 0]
  [0 0 0]
  [0 0 0]]

 [[0 0 0]
  [0 0 0]
  [0 0 0]
  ...
  [0 0 0]
  [0 0 0]
  [0 0 0]]

 [[0 0 0]
  [0 0 0]
  [0 0 0]
  ...
  [0 0 0]
  [0 0 0]
  [0 0 0]]]"
68,Lamborghini,85.jpg,G:\Users\Alex\Desktop\Classes\CSE 498 - Computer Vision\Project\Outdated Dataset\Dataset\Lamborghini\85.jpg,Unknown,"[800, 800, 3]",0,Lamborghini,Unspecified,0,0,"[100, 100, 800, 800]","[[[196  89  68]
  [226  30   0]
  [198 138  26]
  ...
  [  1   1   1]
  [193 154 104]
  [191 155 105]]

 [[208 168  89]
  [221 167  68]
  [237 167  54]
  ...
  [  1   1   1]
  [190 156 104]
  [191 155 105]]

 [[237 166  51]
  [113  75  32]
  [ 11  12  11]
  ...
  [  1   1   1]
  [190 156 104]
  [191 155 105]]

 ...

 [[  0   0   0]
  [  0   0   0]
  [  0   0   0]
  ...
  [  2   3   7]
  [193 154 101]
  [191 155 105]]

 [[185 153 118]
  [185 153 118]
  [185 153 118]
  ...
  [190 155 108]
  [191 155 107]
  [191 155 105]]

 [[191 155 105]
  [191 155 105]
  [191 155 105]
  ...
  [191 155 105]
  [191 155 105]
  [191 155 105]]]"
69,Lamborghini,86.jpg,G:\Users\Alex\Desktop\Classes\CSE 498 - Computer Vision\Project\Outdated Dataset\Dataset\Lamborghini\86.jpg,Unknown,"[466, 291, 3]",0,Lamborghini,Unspecified,0,0,"[170, 60, 320, 225]","[[[ 94  77  83]
  [ 91  74  80]
  [ 90  71  77]
  ...
  [ 65  52  61]
  [ 66  53  61]
  [ 63  50  59]]

 [[ 97  78  84]
  [ 95  76  82]
  [100  80  90]
  ...
  [ 58  43  48]
  [ 58  42  50]
  [ 58  41  51]]

 [[ 81  62  68]
  [ 84  65  71]
  [ 84  61  70]
  ...
  [ 69  56  66]
  [ 67  53  61]
  [ 62  49  52]]

 ...

 [[ 75  62  71]
  [ 71  58  67]
  [ 71  58  67]
  ...
  [ 62  50  54]
  [ 63  51  55]
  [ 64  52  56]]

 [[ 77  64  73]
  [ 72  59  68]
  [ 72  59  68]
  ...
  [ 65  53  57]
  [ 62  51  54]
  [ 66  54  58]]

 [[ 85  72  81]
  [ 71  58  67]
  [ 72  59  68]
  ...
  [ 61  49  53]
  [ 69  56  61]
  [ 66  54  58]]]"
70,Lamborghini,87.jpg,G:\Users\Alex\Desktop\Classes\CSE 498 - Computer Vision\Project\Outdated Dataset\Dataset\Lamborghini\87.jpg,Unknown,"[500, 500, 3]",0,Lamborghini,Unspecified,0,0,"[190, 130, 320, 300]","[[[255 255 255]
  [255 255 255]
  [255 255 255]
  ...
  [255 255 255]
  [255 255 255]
  [255 255 255]]

 [[255 255 255]
  [255 255 255]
  [255 255 255]
  ...
  [255 255 255]
  [255 255 255]
  [255 255 255]]

 [[255 255 255]
  [255 255 255]
  [255 255 255]
  ...
  [255 255 255]
  [255 255 255]
  [255 255 255]]

 ...

 [[255 255 255]
  [255 255 255]
  [255 255 255]
  ...
  [255 255 255]
  [255 255 255]
  [255 255 255]]

 [[255 255 255]
  [255 255 255]
  [255 255 255]
  ...
  [255 255 255]
  [255 255 255]
  [255 255 255]]

 [[ 41  41  41]
  [105 105 105]
  [255 255 255]
  ...
  [255 255 255]
  [255 255 255]
  [255 255 255]]]"
71,Lamborghini,89.jpg,G:\Users\Alex\Desktop\Classes\CSE 498 - Computer Vision\Project\Outdated Dataset\Dataset\Lamborghini\89.jpg,Unknown,"[1928, 1080, 3]",0,Lamborghini,Unspecified,0,0,"[520, 10, 1300, 1030]","[[[ 76 105 113]
  [ 76 105 113]
  [ 76 105 113]
  ...
  [ 76 105 113]
  [ 76 105 113]
  [ 76 105 113]]

 [[ 76 105 113]
  [ 76 105 113]
  [ 76 105 113]
  ...
  [ 76 105 113]
  [ 76 105 113]
  [ 76 105 113]]

 [[ 76 105 113]
  [ 76 105 113]
  [ 76 105 113]
  ...
  [ 76 105 113]
  [ 76 105 113]
  [ 76 105 113]]

 ...

 [[ 76 105 113]
  [ 76 105 113]
  [ 76 105 113]
  ...
  [ 76 105 113]
  [ 76 105 113]
  [ 76 105 113]]

 [[ 76 105 113]
  [ 76 105 113]
  [ 76 105 113]
  ...
  [ 76 105 113]
  [ 76 105 113]
  [ 76 105 113]]

 [[ 76 105 113]
  [ 76 105 113]
  [ 76 105 113]
  ...
  [ 76 105 113]
  [ 76 105 113]
  [ 76 105 113]]]"
72,Lamborghini,9.jpg,G:\Users\Alex\Desktop\Classes\CSE 498 - Computer Vision\Project\Outdated Dataset\Dataset\Lamborghini\9.jpg,Unknown,"[501, 398, 3]",0,Lamborghini,Unspecified,0,0,"[204, 21, 294, 143]","[[[253 208  62]
  [253 208  62]
  [253 208  62]
  ...
  [253 208  62]
  [253 208  62]
  [253 208  62]]

 [[252 208  63]
  [252 208  63]
  [252 207  62]
  ...
  [252 208  63]
  [252 208  63]
  [252 208  63]]

 [[251 210  65]
  [251 210  65]
  [250 208  65]
  ...
  [251 210  65]
  [251 210  65]
  [251 210  65]]

 ...

 [[255 198  22]
  [255 198  22]
  [255 198  22]
  ...
  [255 198  22]
  [255 198  22]
  [255 198  22]]

 [[255 197  19]
  [255 197  19]
  [255 197  19]
  ...
  [255 197  19]
  [255 197  19]
  [255 197  19]]

 [[255 196  16]
  [255 196  16]
  [255 196  16]
  ...
  [255 196  16]
  [255 196  16]
  [255 196  16]]]"
73,Lamborghini,91.jpg,G:\Users\Alex\Desktop\Classes\CSE 498 - Computer Vision\Project\Outdated Dataset\Dataset\Lamborghini\91.jpg,Unknown,"[900, 887, 3]",0,Lamborghini,Unspecified,0,0,"[150, 100, 700, 800]","[[[ 78 177  84]
  [ 79 180  86]
  [ 79 180  84]
  ...
  [ 67 173  72]
  [ 69 175  74]
  [ 70 176  75]]

 [[ 76 180  85]
  [ 75 179  84]
  [ 76 180  85]
  ...
  [ 71 177  79]
  [ 70 176  78]
  [ 68 174  73]]

 [[ 76 180  85]
  [ 76 179  87]
  [ 76 179  87]
  ...
  [ 69 172  82]
  [ 71 175  81]
  [ 70 175  80]]

 ...

 [[ 46 157   3]
  [ 41 154   2]
  [ 40 156   3]
  ...
  [ 62 168  76]
  [ 60 166  74]
  [ 60 166  74]]

 [[ 42 155   1]
  [ 44 157   5]
  [ 42 155   1]
  ...
  [ 60 165  73]
  [ 63 168  76]
  [ 63 168  76]]

 [[ 41 154   2]
  [ 41 154   2]
  [ 44 159   6]
  ...
  [ 61 167  75]
  [ 61 167  75]
  [ 60 168  75]]]"
74,Lamborghini,92.jpg,G:\Users\Alex\Desktop\Classes\CSE 498 - Computer Vision\Project\Outdated Dataset\Dataset\Lamborghini\92.jpg,Unknown,"[860, 1000, 3]",0,Lamborghini,Unspecified,0,0,"[150, 200, 700, 790]","[[[147 148 143]
  [137 138 133]
  [ 82  87  80]
  ...
  [ 76  72  32]
  [ 74  72  72]
  [112 114 111]]

 [[115 110  85]
  [195 157  74]
  [191 145  40]
  ...
  [242 236 158]
  [187 139  48]
  [180 149  52]]

 [[234 218 141]
  [203 172  81]
  [200 174  63]
  ...
  [189 157  70]
  [216 196  99]
  [199 176  80]]

 ...

 [[ 55  54  50]
  [ 44  43  39]
  [120 119 115]
  ...
  [117 116 114]
  [126 125 123]
  [127 126 124]]

 [[108 107 103]
  [106 105 101]
  [ 59  56  52]
  ...
  [117 116 114]
  [147 146 144]
  [114 112 110]]

 [[ 62  61  57]
  [ 63  62  58]
  [ 45  43  39]
  ...
  [ 64  63  61]
  [ 65  64  62]
  [119 118 115]]]"
75,Lamborghini,93.jpg,G:\Users\Alex\Desktop\Classes\CSE 498 - Computer Vision\Project\Outdated Dataset\Dataset\Lamborghini\93.jpg,Unknown,"[474, 653, 3]",0,Lamborghini,Unspecified,0,0,"[70, 260, 450, 653]","[[[201 157  34]
  [251 208 107]
  [244 199  84]
  ...
  [255 250 255]
  [255 255 255]
  [255 255 255]]

 [[215 159  22]
  [207 162  46]
  [ 93  67  25]
  ...
  [254 254 248]
  [255 255 255]
  [255 255 255]]

 [[163 126  31]
  [ 45  38  18]
  [  1   5   6]
  ...
  [253 253 253]
  [255 255 255]
  [255 255 255]]

 ...

 [[227 227 227]
  [255 255 255]
  [255 255 255]
  ...
  [254 254 254]
  [255 255 255]
  [255 255 255]]

 [[255 255 255]
  [255 255 255]
  [255 255 255]
  ...
  [255 255 255]
  [255 255 255]
  [255 255 255]]

 [[255 255 255]
  [255 255 255]
  [255 255 255]
  ...
  [255 255 255]
  [255 255 255]
  [255 255 255]]]"
76,Lamborghini,94.jpg,G:\Users\Alex\Desktop\Classes\CSE 498 - Computer Vision\Project\Outdated Dataset\Dataset\Lamborghini\94.jpg,Unknown,"[640, 1136, 3]",0,Lamborghini,Unspecified,0,0,"[190, 200, 500, 720]","[[[  0   0   0]
  [  0   0   0]
  [  0   0   0]
  ...
  [  0   0   0]
  [  0   0   0]
  [  1   1   3]]

 [[  0   0   0]
  [  0   0   0]
  [  0   0   0]
  ...
  [  0   0   0]
  [  0   0   0]
  [  2   0   3]]

 [[  2   2   5]
  [  1   2   2]
  [  1   4   2]
  ...
  [  0   0   0]
  [  0   0   0]
  [  0   2   1]]

 ...

 [[ 49  52  43]
  [ 44  44  42]
  [  2   1   0]
  ...
  [  0   0   0]
  [  1   1   1]
  [  3   3   8]]

 [[ 17  18  16]
  [  3   3   5]
  [  2   1   6]
  ...
  [  2   3   7]
  [  0   0   4]
  [  3   0   2]]

 [[  5   5   6]
  [ 27  27  25]
  [184 185 177]
  ...
  [157 157 147]
  [  7   3   1]
  [242 241 219]]]"
77,Lamborghini,95.jpg,G:\Users\Alex\Desktop\Classes\CSE 498 - Computer Vision\Project\Outdated Dataset\Dataset\Lamborghini\95.jpg,Unknown,"[240, 180, 3]",0,Lamborghini,Unspecified,0,0,"[50, 10, 190, 170]","[[[ 76 105 113]
  [ 76 105 113]
  [ 76 105 113]
  ...
  [ 76 105 113]
  [ 76 105 113]
  [ 76 105 113]]

 [[ 76 105 113]
  [ 76 105 113]
  [ 76 105 113]
  ...
  [ 76 105 113]
  [ 76 105 113]
  [ 76 105 113]]

 [[ 79 102 113]
  [ 76 104 105]
  [ 76 106 109]
  ...
  [ 76 106 110]
  [ 74 103 115]
  [ 78 104 113]]

 ...

 [[ 76 105 113]
  [ 76 105 113]
  [ 76 105 113]
  ...
  [ 76 105 113]
  [ 76 105 113]
  [ 76 105 113]]

 [[ 76 105 113]
  [ 76 105 113]
  [ 76 105 113]
  ...
  [ 76 105 113]
  [ 76 105 113]
  [ 76 105 113]]

 [[ 76 105 113]
  [ 76 105 113]
  [ 76 105 113]
  ...
  [ 76 105 113]
  [ 76 105 113]
  [ 76 105 113]]]"
78,Lamborghini,96.jpg,G:\Users\Alex\Desktop\Classes\CSE 498 - Computer Vision\Project\Outdated Dataset\Dataset\Lamborghini\96.jpg,Unknown,"[527, 700, 3]",0,Lamborghini,Unspecified,0,0,"[80, 150, 490, 610]","[[[126 123 123]
  [162 157 154]
  [ 87  83  75]
  ...
  [195 196 191]
  [116 117 112]
  [151 152 147]]

 [[168 131  58]
  [189 154  42]
  [255 232 151]
  ...
  [ 94  98  89]
  [176 176 175]
  [112 113 108]]

 [[209 179  73]
  [219 182  69]
  [229 203 110]
  ...
  [161 151 135]
  [101 103  98]
  [142 143 138]]

 ...

 [[ 80  77  72]
  [ 53  50  45]
  [ 56  53  48]
  ...
  [104 100  97]
  [ 84  80  77]
  [ 74  70  67]]

 [[ 87  84  79]
  [ 71  69  64]
  [ 82  81  76]
  ...
  [ 86  82  79]
  [ 91  87  84]
  [ 85  81  77]]

 [[ 89  86  81]
  [ 59  56  51]
  [ 82  81  76]
  ...
  [ 75  71  68]
  [119 115 112]
  [125 122 119]]]"
79,Lamborghini,97.jpg,G:\Users\Alex\Desktop\Classes\CSE 498 - Computer Vision\Project\Outdated Dataset\Dataset\Lamborghini\97.jpg,Unknown,"[896, 1024, 3]",0,Lamborghini,Unspecified,0,0,"[200, 450, 700, 800]","[[[248  43   6]
  [243 191   5]
  [132  30  10]
  ...
  [250 131  24]
  [244 147  26]
  [230  42   1]]

 [[254  95  26]
  [249 212  17]
  [161  32   5]
  ...
  [255 162  44]
  [229  72  12]
  [253 100  16]]

 [[254 150  40]
  [252 231  30]
  [180  51   5]
  ...
  [255 160  30]
  [226  44   0]
  [241 131  10]]

 ...

 [[  0   0   0]
  [  0   0   0]
  [  0   0   0]
  ...
  [  0   0   0]
  [  0   0   0]
  [  0   0   0]]

 [[  0   0   0]
  [  0   0   0]
  [  0   0   0]
  ...
  [  0   0   0]
  [  0   0   0]
  [  0   0   0]]

 [[  0   0   0]
  [  0   0   0]
  [  0   0   0]
  ...
  [  0   0   0]
  [  0   0   0]
  [  0   0   0]]]"
80,Lamborghini,98.jpg,G:\Users\Alex\Desktop\Classes\CSE 498 - Computer Vision\Project\Outdated Dataset\Dataset\Lamborghini\98.jpg,Unknown,"[525, 700, 3]",0,Lamborghini,Unspecified,0,0,"[20, 100, 335, 650]","[[[255 255 255]
  [255 255 255]
  [255 255 255]
  ...
  [ 85  75  61]
  [ 83  67  51]
  [106  84  61]]

 [[255 255 255]
  [255 255 255]
  [253 255 253]
  ...
  [ 74  62  52]
  [ 84  71  62]
  [ 74  77  70]]

 [[255 255 255]
  [255 255 255]
  [253 254 255]
  ...
  [ 79  66  43]
  [ 97  81  68]
  [214 176 129]]

 ...

 [[254 254 254]
  [254 254 254]
  [251 251 249]
  ...
  [134 123 106]
  [136 121 102]
  [149 134 117]]

 [[255 255 255]
  [255 255 255]
  [255 255 253]
  ...
  [166 155 133]
  [176 163 144]
  [187 174 155]]

 [[255 255 255]
  [255 255 255]
  [255 255 255]
  ...
  [212 201 181]
  [214 203 183]
  [218 207 187]]]"
81,Lamborghini,99.jpg,G:\Users\Alex\Desktop\Classes\CSE 498 - Computer Vision\Project\Outdated Dataset\Dataset\Lamborghini\99.jpg,Unknown,"[1080, 1920, 3]",0,Lamborghini,Unspecified,0,0,"[0, 400, 1000, 1750]","[[[ 44  45  48]
  [  5  13  16]
  [ 25  20  17]
  ...
  [ 86  89  96]
  [ 85  88  95]
  [ 86  86  94]]

 [[ 47  37  21]
  [ 40  33  16]
  [  1   1   1]
  ...
  [ 75  76  81]
  [ 91  94 103]
  [ 89  92  99]]

 [[  0   0   2]
  [  8   8   8]
  [ 36  32  29]
  ...
  [ 45  46  50]
  [ 70  71  76]
  [ 73  74  79]]

 ...

 [[ 75  78  85]
  [ 69  70  75]
  [ 71  72  77]
  ...
  [ 75  76  81]
  [ 72  73  78]
  [ 67  68  73]]

 [[ 73  76  83]
  [ 72  72  80]
  [ 77  77  85]
  ...
  [ 62  63  68]
  [ 69  70  75]
  [ 65  66  71]]

 [[ 78  78  86]
  [ 78  78  86]
  [ 77  78  83]
  ...
  [ 70  71  76]
  [ 65  66  71]
  [ 63  64  69]]]"
